-- phpMyAdmin SQL Dump
-- version 5.2.1
-- https://www.phpmyadmin.net/
--
-- Host: 127.0.0.1
-- Generation Time: Nov 22, 2025 at 01:27 PM
-- Server version: 10.4.28-MariaDB-log
-- PHP Version: 8.1.17

SET SQL_MODE = "NO_AUTO_VALUE_ON_ZERO";
START TRANSACTION;
SET time_zone = "+00:00";


/*!40101 SET @OLD_CHARACTER_SET_CLIENT=@@CHARACTER_SET_CLIENT */;
/*!40101 SET @OLD_CHARACTER_SET_RESULTS=@@CHARACTER_SET_RESULTS */;
/*!40101 SET @OLD_COLLATION_CONNECTION=@@COLLATION_CONNECTION */;
/*!40101 SET NAMES utf8mb4 */;

--
-- Database: `employee-management`
--

-- --------------------------------------------------------

--
-- Table structure for table `attendances`
--

CREATE TABLE `attendances` (
  `id` bigint(20) UNSIGNED NOT NULL,
  `employee_id` bigint(20) UNSIGNED NOT NULL,
  `date` date NOT NULL,
  `check_in` time DEFAULT NULL,
  `check_out` time DEFAULT NULL,
  `created_at` timestamp NULL DEFAULT NULL,
  `updated_at` timestamp NULL DEFAULT NULL
) ENGINE=InnoDB DEFAULT CHARSET=utf8mb4 COLLATE=utf8mb4_unicode_ci;

--
-- Dumping data for table `attendances`
--

INSERT INTO `attendances` (`id`, `employee_id`, `date`, `check_in`, `check_out`, `created_at`, `updated_at`) VALUES
(2, 9, '2025-04-01', '09:00:00', '18:00:00', '2025-09-04 10:28:14', '2025-09-04 10:28:14'),
(3, 9, '2025-04-02', '09:00:00', '18:00:00', '2025-09-04 10:28:14', '2025-09-04 10:28:14'),
(4, 9, '2025-04-03', '09:00:00', '18:00:00', '2025-09-04 10:28:14', '2025-09-04 10:28:14'),
(5, 9, '2025-04-04', '09:00:00', '18:00:00', '2025-09-04 10:28:14', '2025-09-04 10:28:14'),
(6, 9, '2025-04-05', '09:00:00', '18:00:00', '2025-09-04 10:28:14', '2025-09-04 10:28:14'),
(7, 9, '2025-04-06', '09:00:00', '18:00:00', '2025-09-04 10:28:14', '2025-09-04 10:28:14'),
(8, 9, '2025-04-07', '09:00:00', '18:00:00', '2025-09-04 10:28:14', '2025-09-04 10:28:14'),
(9, 9, '2025-04-08', '09:00:00', '18:00:00', '2025-09-04 10:28:14', '2025-09-04 10:28:14'),
(10, 9, '2025-04-09', '09:00:00', '18:00:00', '2025-09-04 10:28:14', '2025-09-04 10:28:14'),
(11, 9, '2025-04-10', '09:00:00', '18:00:00', '2025-09-04 10:28:14', '2025-09-04 10:28:14'),
(12, 9, '2025-04-11', '09:00:00', '18:00:00', '2025-09-04 10:28:14', '2025-09-04 10:28:14'),
(13, 9, '2025-04-12', '09:00:00', '18:00:00', '2025-09-04 10:28:14', '2025-09-04 10:28:14'),
(14, 9, '2025-04-13', '09:00:00', '18:00:00', '2025-09-04 10:28:14', '2025-09-04 10:28:14'),
(15, 9, '2025-04-14', '09:00:00', '18:00:00', '2025-09-04 10:28:14', '2025-09-04 10:28:14'),
(16, 9, '2025-04-15', '09:00:00', '18:00:00', '2025-09-04 10:28:14', '2025-09-04 10:28:14'),
(17, 9, '2025-04-16', '09:00:00', '18:00:00', '2025-09-04 10:28:14', '2025-09-04 10:28:14'),
(18, 9, '2025-04-17', '09:00:00', '18:00:00', '2025-09-04 10:28:14', '2025-09-04 10:28:14'),
(19, 9, '2025-04-18', '09:00:00', '18:00:00', '2025-09-04 10:28:14', '2025-09-04 10:28:14'),
(20, 9, '2025-04-19', '09:00:00', '18:00:00', '2025-09-04 10:28:14', '2025-09-04 10:28:14'),
(21, 9, '2025-04-20', '09:00:00', '18:00:00', '2025-09-04 10:28:14', '2025-09-04 10:28:14'),
(22, 9, '2025-04-21', '09:00:00', '18:00:00', '2025-09-04 10:28:14', '2025-09-04 10:28:14'),
(23, 9, '2025-04-22', '09:00:00', '18:00:00', '2025-09-04 10:28:14', '2025-09-04 10:28:14'),
(25, 9, '2025-04-24', '09:00:00', '18:00:00', '2025-09-04 10:28:14', '2025-09-04 10:28:14'),
(26, 9, '2025-04-25', '09:00:00', '18:00:00', '2025-09-04 10:28:14', '2025-09-04 10:28:14'),
(27, 9, '2025-04-26', '09:00:00', '18:00:00', '2025-09-04 10:28:14', '2025-09-04 10:28:14'),
(28, 9, '2025-04-27', '09:00:00', '18:00:00', '2025-09-04 10:28:14', '2025-09-04 10:28:14'),
(29, 9, '2025-04-28', '09:00:00', '18:00:00', '2025-09-04 10:28:14', '2025-09-04 10:28:14'),
(30, 9, '2025-04-29', '09:00:00', '18:00:00', '2025-09-04 10:28:14', '2025-09-04 10:28:14'),
(31, 9, '2025-04-30', '09:00:00', '18:00:00', '2025-09-04 10:28:14', '2025-09-04 10:28:14'),
(32, 9, '2025-05-01', '09:00:00', '18:00:00', '2025-09-04 10:53:15', '2025-09-04 10:53:15'),
(33, 9, '2025-05-02', '09:00:00', '18:00:00', '2025-09-04 10:53:15', '2025-09-04 10:53:15'),
(34, 9, '2025-05-03', '09:00:00', '18:00:00', '2025-09-04 10:53:15', '2025-09-04 10:53:15'),
(35, 9, '2025-05-04', '09:00:00', '18:00:00', '2025-09-04 10:53:15', '2025-09-04 10:53:15'),
(36, 9, '2025-05-05', '09:00:00', '18:00:00', '2025-09-04 10:53:15', '2025-09-04 10:53:15'),
(37, 9, '2025-05-06', '09:00:00', '18:00:00', '2025-09-04 10:53:15', '2025-09-04 10:53:15'),
(38, 9, '2025-05-07', '09:00:00', '18:00:00', '2025-09-04 10:53:15', '2025-09-04 10:53:15'),
(39, 9, '2025-05-08', '09:00:00', '18:00:00', '2025-09-04 10:53:15', '2025-09-04 10:53:15'),
(40, 9, '2025-05-09', '09:00:00', '18:00:00', '2025-09-04 10:53:15', '2025-09-04 10:53:15'),
(41, 9, '2025-05-10', '09:00:00', '18:00:00', '2025-09-04 10:53:15', '2025-09-04 10:53:15'),
(42, 9, '2025-05-11', '09:00:00', '18:00:00', '2025-09-04 10:53:15', '2025-09-04 10:53:15'),
(43, 9, '2025-05-12', '09:00:00', '18:00:00', '2025-09-04 10:53:15', '2025-09-04 10:53:15'),
(44, 9, '2025-05-13', '09:00:00', '18:00:00', '2025-09-04 10:53:15', '2025-09-04 10:53:15'),
(45, 9, '2025-05-14', '09:00:00', '18:00:00', '2025-09-04 10:53:15', '2025-09-04 10:53:15'),
(46, 9, '2025-05-15', '09:00:00', '18:00:00', '2025-09-04 10:53:15', '2025-09-04 10:53:15'),
(47, 9, '2025-05-16', '09:00:00', '18:00:00', '2025-09-04 10:53:15', '2025-09-04 10:53:15'),
(48, 9, '2025-05-17', '09:00:00', '18:00:00', '2025-09-04 10:53:15', '2025-09-04 10:53:15'),
(49, 9, '2025-05-18', '09:00:00', '18:00:00', '2025-09-04 10:53:15', '2025-09-04 10:53:15'),
(50, 9, '2025-05-19', '09:00:00', '18:00:00', '2025-09-04 10:53:15', '2025-09-04 10:53:15'),
(51, 9, '2025-05-20', '09:00:00', '18:00:00', '2025-09-04 10:53:15', '2025-09-04 10:53:15'),
(52, 9, '2025-05-21', '09:00:00', '18:00:00', '2025-09-04 10:53:15', '2025-09-04 10:53:15'),
(53, 9, '2025-05-22', '09:00:00', '18:00:00', '2025-09-04 10:53:15', '2025-09-04 10:53:15'),
(54, 9, '2025-05-23', '09:00:00', '18:00:00', '2025-09-04 10:53:15', '2025-09-04 10:53:15'),
(55, 9, '2025-05-24', '09:00:00', '18:00:00', '2025-09-04 10:53:15', '2025-09-04 10:53:15'),
(56, 9, '2025-05-25', '09:00:00', '18:00:00', '2025-09-04 10:53:15', '2025-09-04 10:53:15'),
(57, 9, '2025-05-26', '09:00:00', '18:00:00', '2025-09-04 10:53:15', '2025-09-04 10:53:15'),
(58, 9, '2025-05-27', '09:00:00', '18:00:00', '2025-09-04 10:53:15', '2025-09-04 10:53:15'),
(59, 9, '2025-05-28', '09:00:00', '18:00:00', '2025-09-04 10:53:15', '2025-09-04 10:53:15'),
(60, 9, '2025-05-29', '09:00:00', '18:00:00', '2025-09-04 10:53:15', '2025-09-04 10:53:15'),
(61, 9, '2025-05-30', '09:00:00', '18:00:00', '2025-09-04 10:53:15', '2025-09-04 10:53:15'),
(62, 9, '2025-05-31', '09:00:00', '18:00:00', '2025-09-04 10:53:15', '2025-09-04 10:53:15'),
(63, 9, '2025-06-01', '09:00:00', '18:00:00', '2025-09-04 11:12:59', '2025-09-04 11:12:59'),
(64, 9, '2025-06-02', '09:00:00', '18:00:00', '2025-09-04 11:12:59', '2025-09-04 11:12:59'),
(65, 9, '2025-06-03', '09:00:00', '18:00:00', '2025-09-04 11:12:59', '2025-09-04 11:12:59'),
(66, 9, '2025-06-04', '09:00:00', '18:00:00', '2025-09-04 11:12:59', '2025-09-04 11:12:59'),
(67, 9, '2025-06-05', '09:00:00', '18:00:00', '2025-09-04 11:12:59', '2025-09-04 11:12:59'),
(68, 9, '2025-06-06', '09:00:00', '18:00:00', '2025-09-04 11:12:59', '2025-09-04 11:12:59'),
(69, 9, '2025-06-07', '09:00:00', '18:00:00', '2025-09-04 11:12:59', '2025-09-04 11:12:59'),
(70, 9, '2025-06-08', '09:00:00', '18:00:00', '2025-09-04 11:12:59', '2025-09-04 11:12:59'),
(71, 9, '2025-06-09', '09:00:00', '18:00:00', '2025-09-04 11:12:59', '2025-09-04 11:12:59'),
(72, 9, '2025-06-10', '09:00:00', '18:00:00', '2025-09-04 11:12:59', '2025-09-04 11:12:59'),
(73, 9, '2025-06-11', '09:00:00', '18:00:00', '2025-09-04 11:12:59', '2025-09-04 11:12:59'),
(74, 9, '2025-06-12', '09:00:00', '18:00:00', '2025-09-04 11:12:59', '2025-09-04 11:12:59'),
(75, 9, '2025-06-13', '09:00:00', '18:00:00', '2025-09-04 11:12:59', '2025-09-04 11:12:59'),
(76, 9, '2025-06-14', '09:00:00', '18:00:00', '2025-09-04 11:12:59', '2025-09-04 11:12:59'),
(77, 9, '2025-06-15', '09:00:00', '18:00:00', '2025-09-04 11:12:59', '2025-09-04 11:12:59'),
(78, 9, '2025-06-16', '09:00:00', '18:00:00', '2025-09-04 11:12:59', '2025-09-04 11:12:59'),
(79, 9, '2025-06-17', '09:00:00', '18:00:00', '2025-09-04 11:12:59', '2025-09-04 11:12:59'),
(80, 9, '2025-06-18', '09:00:00', '18:00:00', '2025-09-04 11:12:59', '2025-09-04 11:12:59'),
(81, 9, '2025-06-19', '09:00:00', '18:00:00', '2025-09-04 11:12:59', '2025-09-04 11:12:59'),
(82, 9, '2025-06-20', '09:00:00', '18:00:00', '2025-09-04 11:12:59', '2025-09-04 11:12:59'),
(83, 9, '2025-06-21', '09:00:00', '18:00:00', '2025-09-04 11:12:59', '2025-09-04 11:12:59'),
(84, 9, '2025-06-22', '09:00:00', '18:00:00', '2025-09-04 11:12:59', '2025-09-04 11:12:59'),
(85, 9, '2025-06-23', '09:00:00', '18:00:00', '2025-09-04 11:12:59', '2025-09-04 11:12:59'),
(86, 9, '2025-06-24', '09:00:00', '18:00:00', '2025-09-04 11:12:59', '2025-09-04 11:12:59'),
(87, 9, '2025-06-25', '09:00:00', '18:00:00', '2025-09-04 11:12:59', '2025-09-04 11:12:59'),
(88, 9, '2025-06-26', '09:00:00', '18:00:00', '2025-09-04 11:12:59', '2025-09-04 11:12:59'),
(89, 9, '2025-06-27', '09:00:00', '18:00:00', '2025-09-04 11:12:59', '2025-09-04 11:12:59'),
(90, 9, '2025-06-28', '09:00:00', '18:00:00', '2025-09-04 11:12:59', '2025-09-04 11:12:59'),
(91, 9, '2025-06-29', '09:00:00', '18:00:00', '2025-09-04 11:12:59', '2025-09-04 11:12:59'),
(92, 9, '2025-06-30', '09:00:00', '18:00:00', '2025-09-04 11:12:59', '2025-09-04 11:12:59'),
(93, 9, '2025-08-01', '09:00:00', '18:00:00', '2025-09-05 05:44:52', '2025-09-05 05:44:52'),
(94, 9, '2025-08-02', '09:00:00', '18:00:00', '2025-09-05 05:44:52', '2025-09-05 05:44:52'),
(95, 9, '2025-08-03', '09:00:00', '18:00:00', '2025-09-05 05:44:52', '2025-09-05 05:44:52'),
(96, 9, '2025-08-04', '09:00:00', '18:00:00', '2025-09-05 05:44:52', '2025-09-05 05:44:52'),
(97, 9, '2025-08-05', '09:00:00', '18:00:00', '2025-09-05 05:44:52', '2025-09-05 05:44:52'),
(98, 9, '2025-08-06', '09:00:00', '18:00:00', '2025-09-05 05:44:52', '2025-09-05 05:44:52'),
(99, 9, '2025-08-07', '09:00:00', '18:00:00', '2025-09-05 05:44:52', '2025-09-05 05:44:52'),
(100, 9, '2025-08-08', '09:00:00', '18:00:00', '2025-09-05 05:44:52', '2025-09-05 05:44:52'),
(101, 9, '2025-08-09', '09:00:00', '18:00:00', '2025-09-05 05:44:52', '2025-09-05 05:44:52'),
(102, 9, '2025-08-10', '09:00:00', '18:00:00', '2025-09-05 05:44:52', '2025-09-05 05:44:52'),
(103, 9, '2025-08-11', '09:00:00', '18:00:00', '2025-09-05 05:44:52', '2025-09-05 05:44:52'),
(104, 9, '2025-08-12', '09:00:00', '18:00:00', '2025-09-05 05:44:52', '2025-09-05 05:44:52'),
(105, 9, '2025-08-13', '09:00:00', '18:00:00', '2025-09-05 05:44:52', '2025-09-05 05:44:52'),
(106, 9, '2025-08-14', '09:00:00', '18:00:00', '2025-09-05 05:44:52', '2025-09-05 05:44:52'),
(107, 9, '2025-08-15', '09:00:00', '18:00:00', '2025-09-05 05:44:52', '2025-09-05 05:44:52'),
(108, 9, '2025-08-16', '09:00:00', '18:00:00', '2025-09-05 05:44:52', '2025-09-05 05:44:52'),
(109, 9, '2025-08-17', '09:00:00', '18:00:00', '2025-09-05 05:44:52', '2025-09-05 05:44:52'),
(110, 9, '2025-08-18', '09:00:00', '18:00:00', '2025-09-05 05:44:52', '2025-09-05 05:44:52'),
(111, 9, '2025-08-19', '09:00:00', '18:00:00', '2025-09-05 05:44:52', '2025-09-05 05:44:52'),
(112, 9, '2025-08-20', '09:00:00', '18:00:00', '2025-09-05 05:44:52', '2025-09-05 05:44:52'),
(113, 9, '2025-08-21', '09:00:00', '18:00:00', '2025-09-05 05:44:52', '2025-09-05 05:44:52'),
(114, 9, '2025-08-22', '09:00:00', '18:00:00', '2025-09-05 05:44:52', '2025-09-05 05:44:52'),
(115, 9, '2025-08-23', '09:00:00', '18:00:00', '2025-09-05 05:44:52', '2025-09-05 05:44:52'),
(116, 9, '2025-08-24', '09:00:00', '18:00:00', '2025-09-05 05:44:52', '2025-09-05 05:44:52'),
(117, 9, '2025-08-25', '09:00:00', '18:00:00', '2025-09-05 05:44:52', '2025-09-05 05:44:52'),
(118, 9, '2025-08-26', '09:00:00', '18:00:00', '2025-09-05 05:44:52', '2025-09-05 05:44:52'),
(119, 9, '2025-08-27', '09:00:00', '18:00:00', '2025-09-05 05:44:52', '2025-09-05 05:44:52'),
(120, 9, '2025-08-28', '09:00:00', '18:00:00', '2025-09-05 05:44:52', '2025-09-05 05:44:52'),
(121, 9, '2025-08-29', '09:00:00', '18:00:00', '2025-09-05 05:44:52', '2025-09-05 05:44:52'),
(122, 9, '2025-08-30', '09:00:00', '18:00:00', '2025-09-05 05:44:52', '2025-09-05 05:44:52'),
(123, 9, '2025-08-31', '09:00:00', '18:00:00', '2025-09-05 05:44:52', '2025-09-05 05:44:52'),
(132, 10, '2025-08-16', '09:30:00', '18:30:00', '2025-09-08 07:34:12', '2025-09-08 07:34:12'),
(134, 10, '2025-08-18', '09:00:00', '18:00:00', '2025-09-08 09:07:58', '2025-09-08 09:07:58'),
(135, 10, '2025-08-19', '09:00:00', '18:00:00', '2025-09-08 09:07:58', '2025-09-08 09:07:58'),
(136, 10, '2025-08-20', '09:00:00', '18:00:00', '2025-09-08 09:07:58', '2025-09-08 09:07:58'),
(137, 10, '2025-08-21', '09:00:00', '18:00:00', '2025-09-08 09:07:58', '2025-09-08 09:07:58'),
(138, 10, '2025-08-22', '09:00:00', '18:00:00', '2025-09-08 09:07:58', '2025-09-08 09:07:58'),
(139, 10, '2025-08-23', '09:00:00', '18:00:00', '2025-09-08 09:07:58', '2025-09-08 09:07:58'),
(140, 10, '2025-08-24', '09:00:00', '18:00:00', '2025-09-08 09:07:58', '2025-09-08 09:07:58'),
(141, 10, '2025-08-25', '09:00:00', '18:00:00', '2025-09-08 09:07:58', '2025-09-08 09:07:58'),
(142, 10, '2025-08-26', '09:00:00', '18:00:00', '2025-09-08 09:07:58', '2025-09-08 09:07:58'),
(143, 10, '2025-08-27', '09:00:00', '18:00:00', '2025-09-08 09:07:58', '2025-09-08 09:07:58'),
(144, 10, '2025-08-28', '09:00:00', '18:00:00', '2025-09-08 09:07:58', '2025-09-08 09:07:58'),
(145, 10, '2025-08-29', '09:00:00', '18:00:00', '2025-09-08 09:07:58', '2025-09-08 09:07:58'),
(146, 10, '2025-08-30', '09:00:00', '18:00:00', '2025-09-08 09:07:58', '2025-09-08 09:07:58'),
(147, 10, '2025-08-31', '09:00:00', '18:00:00', '2025-09-08 09:07:58', '2025-09-08 09:07:58'),
(148, 9, '2025-09-01', '09:00:00', '18:00:00', '2025-09-27 09:01:55', '2025-09-27 09:01:55'),
(149, 9, '2025-09-02', '09:00:00', '18:00:00', '2025-09-27 09:01:55', '2025-09-27 09:01:55'),
(150, 9, '2025-09-03', '09:00:00', '18:00:00', '2025-09-27 09:01:55', '2025-09-27 09:01:55'),
(151, 9, '2025-09-04', '09:00:00', '18:00:00', '2025-09-27 09:01:55', '2025-09-27 09:01:55'),
(152, 9, '2025-09-05', '09:00:00', '18:00:00', '2025-09-27 09:01:55', '2025-09-27 09:01:55'),
(153, 9, '2025-09-06', '09:00:00', '18:00:00', '2025-09-27 09:01:55', '2025-09-27 09:01:55'),
(154, 9, '2025-09-07', '09:00:00', '18:00:00', '2025-09-27 09:01:55', '2025-09-27 09:01:55'),
(155, 9, '2025-09-08', '09:00:00', '18:00:00', '2025-09-27 09:01:55', '2025-09-27 09:01:55'),
(156, 9, '2025-09-09', '09:00:00', '18:00:00', '2025-09-27 09:01:55', '2025-09-27 09:01:55'),
(157, 9, '2025-09-10', '09:00:00', '18:00:00', '2025-09-27 09:01:55', '2025-09-27 09:01:55'),
(158, 9, '2025-09-11', '09:00:00', '18:00:00', '2025-09-27 09:01:55', '2025-09-27 09:01:55'),
(159, 9, '2025-09-12', '09:00:00', '18:00:00', '2025-09-27 09:01:55', '2025-09-27 09:01:55'),
(160, 9, '2025-09-13', '09:00:00', '18:00:00', '2025-09-27 09:01:55', '2025-09-27 09:01:55'),
(161, 9, '2025-09-14', '09:00:00', '18:00:00', '2025-09-27 09:01:55', '2025-09-27 09:01:55'),
(162, 9, '2025-09-15', '09:00:00', '18:00:00', '2025-09-27 09:01:55', '2025-09-27 09:01:55'),
(163, 9, '2025-09-16', '09:00:00', '18:00:00', '2025-09-27 09:01:55', '2025-09-27 09:01:55'),
(164, 9, '2025-09-17', '09:00:00', '18:00:00', '2025-09-27 09:01:55', '2025-09-27 09:01:55'),
(165, 9, '2025-09-18', '09:00:00', '18:00:00', '2025-09-27 09:01:55', '2025-09-27 09:01:55'),
(166, 9, '2025-09-19', '09:00:00', '18:00:00', '2025-09-27 09:01:55', '2025-09-27 09:01:55'),
(167, 9, '2025-09-20', '09:00:00', '18:00:00', '2025-09-27 09:01:55', '2025-09-27 09:01:55'),
(168, 9, '2025-09-21', '09:00:00', '18:00:00', '2025-09-27 09:01:55', '2025-09-27 09:01:55'),
(169, 9, '2025-09-22', '09:00:00', '18:00:00', '2025-09-27 09:01:55', '2025-09-27 09:01:55'),
(170, 9, '2025-09-23', '09:00:00', '18:00:00', '2025-09-27 09:01:55', '2025-09-27 09:01:55'),
(171, 9, '2025-09-24', '09:00:00', '18:00:00', '2025-09-27 09:01:55', '2025-09-27 09:01:55'),
(172, 9, '2025-09-25', '09:00:00', '18:00:00', '2025-09-27 09:01:55', '2025-09-27 09:01:55'),
(173, 9, '2025-09-26', '09:00:00', '18:00:00', '2025-09-27 09:01:55', '2025-09-27 09:01:55'),
(174, 9, '2025-09-27', '09:00:00', '18:00:00', '2025-09-27 09:01:55', '2025-09-27 09:01:55'),
(175, 9, '2025-09-28', '09:00:00', '18:00:00', '2025-09-27 09:01:55', '2025-09-27 09:01:55'),
(176, 9, '2025-09-29', '09:00:00', '18:00:00', '2025-09-27 09:01:55', '2025-09-27 09:01:55'),
(177, 9, '2025-09-30', '09:00:00', '18:00:00', '2025-09-27 09:01:55', '2025-09-27 09:01:55'),
(178, 10, '2025-09-01', '09:30:00', '18:30:00', '2025-09-27 09:37:48', '2025-09-27 09:37:48'),
(179, 10, '2025-09-02', '09:30:00', '18:30:00', '2025-09-27 09:37:48', '2025-09-27 09:37:48'),
(180, 10, '2025-09-04', '09:30:00', '18:30:00', '2025-09-27 09:37:48', '2025-09-27 09:37:48'),
(181, 10, '2025-09-05', '09:30:00', '18:30:00', '2025-09-27 09:37:48', '2025-09-27 09:37:48'),
(182, 10, '2025-09-06', '09:30:00', '18:30:00', '2025-09-27 09:37:48', '2025-09-27 09:37:48'),
(183, 10, '2025-09-07', '09:30:00', '18:30:00', '2025-09-27 09:37:48', '2025-09-27 09:37:48'),
(184, 10, '2025-09-08', '09:30:00', '18:30:00', '2025-09-27 09:37:48', '2025-09-27 09:37:48'),
(185, 10, '2025-09-09', '09:30:00', '18:30:00', '2025-09-27 09:37:48', '2025-09-27 09:37:48'),
(186, 10, '2025-09-10', '09:30:00', '18:30:00', '2025-09-27 09:37:48', '2025-09-27 09:37:48'),
(187, 10, '2025-09-11', '09:30:00', '18:30:00', '2025-09-27 09:37:48', '2025-09-27 09:37:48'),
(188, 10, '2025-09-12', '09:30:00', '18:30:00', '2025-09-27 09:37:48', '2025-09-27 09:37:48'),
(189, 10, '2025-09-13', '09:30:00', '18:30:00', '2025-09-27 09:37:48', '2025-09-27 09:37:48'),
(190, 10, '2025-09-14', '09:30:00', '18:30:00', '2025-09-27 09:37:48', '2025-09-27 09:37:48'),
(191, 10, '2025-09-15', '09:30:00', '18:30:00', '2025-09-27 09:37:48', '2025-09-27 09:37:48'),
(192, 10, '2025-09-16', '09:30:00', '18:30:00', '2025-09-27 09:37:48', '2025-09-27 09:37:48'),
(193, 10, '2025-09-17', '09:30:00', '18:30:00', '2025-09-27 09:37:48', '2025-09-27 09:37:48'),
(194, 10, '2025-09-18', '09:30:00', '18:30:00', '2025-09-27 09:37:48', '2025-09-27 09:37:48'),
(195, 10, '2025-09-19', '09:30:00', '18:30:00', '2025-09-27 09:37:48', '2025-09-27 09:37:48'),
(196, 10, '2025-09-20', '09:30:00', '18:30:00', '2025-09-27 09:37:48', '2025-09-27 09:37:48'),
(197, 10, '2025-09-21', '09:30:00', '18:30:00', '2025-09-27 09:37:48', '2025-09-27 09:37:48'),
(198, 10, '2025-09-22', '09:30:00', '18:30:00', '2025-09-27 09:37:48', '2025-09-27 09:37:48'),
(199, 10, '2025-09-23', '09:30:00', '18:30:00', '2025-09-27 09:37:48', '2025-09-27 09:37:48'),
(200, 10, '2025-09-24', '09:30:00', '18:30:00', '2025-09-27 09:37:48', '2025-09-27 09:37:48'),
(201, 10, '2025-09-25', '09:30:00', '18:30:00', '2025-09-27 09:37:48', '2025-09-27 09:37:48'),
(202, 10, '2025-09-26', '09:30:00', '18:30:00', '2025-09-27 09:37:48', '2025-09-27 09:37:48'),
(203, 10, '2025-09-27', '09:30:00', '18:30:00', '2025-09-27 09:37:48', '2025-09-27 09:37:48'),
(204, 10, '2025-09-28', '09:30:00', '18:30:00', '2025-09-27 09:37:48', '2025-09-27 09:37:48'),
(205, 10, '2025-09-29', '09:30:00', '18:30:00', '2025-09-27 09:37:48', '2025-09-27 09:37:48'),
(206, 10, '2025-09-30', '09:30:00', '18:30:00', '2025-09-27 09:37:48', '2025-09-27 09:37:48'),
(207, 12, '2025-09-02', '09:30:00', '18:30:00', '2025-09-27 09:45:16', '2025-09-27 09:45:16'),
(208, 12, '2025-09-03', '09:30:00', '18:30:00', '2025-09-27 09:45:16', '2025-09-27 09:45:16'),
(209, 12, '2025-09-04', '09:30:00', '18:30:00', '2025-09-27 09:45:16', '2025-09-27 09:45:16'),
(210, 12, '2025-09-05', '09:30:00', '18:30:00', '2025-09-27 09:45:16', '2025-09-27 09:45:16'),
(211, 12, '2025-09-06', '09:30:00', '18:30:00', '2025-09-27 09:45:16', '2025-09-27 09:45:16'),
(212, 12, '2025-09-07', '09:30:00', '18:30:00', '2025-09-27 09:45:16', '2025-09-27 09:45:16'),
(213, 12, '2025-09-08', '09:30:00', '18:30:00', '2025-09-27 09:45:16', '2025-09-27 09:45:16'),
(214, 12, '2025-09-09', '09:30:00', '18:30:00', '2025-09-27 09:45:16', '2025-09-27 09:45:16'),
(215, 12, '2025-09-10', '09:30:00', '18:30:00', '2025-09-27 09:45:16', '2025-09-27 09:45:16'),
(216, 12, '2025-09-11', '09:30:00', '18:30:00', '2025-09-27 09:45:16', '2025-09-27 09:45:16'),
(217, 12, '2025-09-12', '09:30:00', '18:30:00', '2025-09-27 09:45:16', '2025-09-27 09:45:16'),
(218, 12, '2025-09-13', '09:30:00', '18:30:00', '2025-09-27 09:45:16', '2025-09-27 09:45:16'),
(219, 12, '2025-09-14', '09:30:00', '18:30:00', '2025-09-27 09:45:16', '2025-09-27 09:45:16'),
(220, 12, '2025-09-15', '09:30:00', '18:30:00', '2025-09-27 09:45:16', '2025-09-27 09:45:16'),
(221, 12, '2025-09-16', '09:30:00', '18:30:00', '2025-09-27 09:45:16', '2025-09-27 09:45:16'),
(222, 12, '2025-09-17', '09:30:00', '18:30:00', '2025-09-27 09:45:16', '2025-09-27 09:45:16'),
(223, 12, '2025-09-18', '09:30:00', '18:30:00', '2025-09-27 09:45:16', '2025-09-27 09:45:16'),
(224, 12, '2025-09-19', '09:30:00', '18:30:00', '2025-09-27 09:45:16', '2025-09-27 09:45:16'),
(225, 12, '2025-09-20', '09:30:00', '18:30:00', '2025-09-27 09:45:16', '2025-09-27 09:45:16'),
(226, 12, '2025-09-21', '09:30:00', '18:30:00', '2025-09-27 09:45:16', '2025-09-27 09:45:16'),
(227, 12, '2025-09-22', '09:30:00', '18:30:00', '2025-09-27 09:45:16', '2025-09-27 09:45:16'),
(228, 12, '2025-09-23', '09:30:00', '18:30:00', '2025-09-27 09:45:16', '2025-09-27 09:45:16'),
(229, 12, '2025-09-24', '09:30:00', '18:30:00', '2025-09-27 09:45:16', '2025-09-27 09:45:16'),
(230, 12, '2025-09-25', '09:30:00', '18:30:00', '2025-09-27 09:45:16', '2025-09-27 09:45:16'),
(231, 12, '2025-09-26', '09:30:00', '18:30:00', '2025-09-27 09:45:16', '2025-09-27 09:45:16'),
(232, 12, '2025-09-27', '09:30:00', '18:30:00', '2025-09-27 09:45:16', '2025-09-27 09:45:16'),
(233, 12, '2025-09-28', '09:30:00', '18:30:00', '2025-09-27 09:45:16', '2025-09-27 09:45:16'),
(234, 12, '2025-09-29', '09:30:00', '18:30:00', '2025-09-27 09:45:16', '2025-09-27 09:45:16'),
(235, 12, '2025-09-30', '09:30:00', '18:30:00', '2025-09-27 09:45:16', '2025-09-27 09:45:16'),
(236, 11, '2025-09-09', '09:30:00', '18:30:00', '2025-09-27 10:00:11', '2025-09-27 10:00:11'),
(237, 11, '2025-09-10', '09:30:00', '18:30:00', '2025-09-27 10:00:11', '2025-09-27 10:00:11'),
(238, 11, '2025-09-11', '09:30:00', '18:30:00', '2025-09-27 10:00:11', '2025-09-27 10:00:11'),
(239, 11, '2025-09-12', '09:30:00', '18:30:00', '2025-09-27 10:00:11', '2025-09-27 10:00:11'),
(240, 11, '2025-09-13', '09:30:00', '18:30:00', '2025-09-27 10:00:11', '2025-09-27 10:00:11'),
(241, 11, '2025-09-14', '09:30:00', '18:30:00', '2025-09-27 10:00:11', '2025-09-27 10:00:11'),
(242, 11, '2025-09-15', '09:30:00', '18:30:00', '2025-09-27 10:00:11', '2025-09-27 10:00:11'),
(243, 11, '2025-09-16', '09:30:00', '18:30:00', '2025-09-27 10:00:11', '2025-09-27 10:00:11'),
(244, 11, '2025-09-17', '09:30:00', '18:30:00', '2025-09-27 10:00:11', '2025-09-27 10:00:11'),
(245, 11, '2025-09-18', '09:30:00', '18:30:00', '2025-09-27 10:00:11', '2025-09-27 10:00:11'),
(246, 11, '2025-09-19', '09:30:00', '18:30:00', '2025-09-27 10:00:11', '2025-09-27 10:00:11'),
(247, 11, '2025-09-20', '09:30:00', '18:30:00', '2025-09-27 10:00:11', '2025-09-27 10:00:11'),
(248, 11, '2025-09-21', '09:30:00', '18:30:00', '2025-09-27 10:00:11', '2025-09-27 10:00:11'),
(249, 11, '2025-09-22', '09:30:00', '18:30:00', '2025-09-27 10:00:11', '2025-09-27 10:00:11'),
(250, 11, '2025-09-23', '09:30:00', '18:30:00', '2025-09-27 10:00:11', '2025-09-27 10:00:11'),
(251, 11, '2025-09-24', '09:30:00', '18:30:00', '2025-09-27 10:00:11', '2025-09-27 10:00:11'),
(252, 11, '2025-09-25', '09:30:00', '18:30:00', '2025-09-27 10:00:11', '2025-09-27 10:00:11'),
(253, 11, '2025-09-26', '09:30:00', '18:30:00', '2025-09-27 10:00:11', '2025-09-27 10:00:11'),
(254, 11, '2025-09-27', '09:30:00', '18:30:00', '2025-09-27 10:00:11', '2025-09-27 10:00:11'),
(255, 11, '2025-09-28', '09:30:00', '18:30:00', '2025-09-27 10:00:11', '2025-09-27 10:00:11'),
(256, 11, '2025-09-29', '09:30:00', '18:30:00', '2025-09-27 10:00:11', '2025-09-27 10:00:11'),
(257, 11, '2025-09-30', '09:30:00', '18:30:00', '2025-09-27 10:00:11', '2025-09-27 10:00:11'),
(258, 12, '2025-10-01', '09:30:00', '18:30:00', '2025-10-27 06:12:56', '2025-10-27 06:12:56'),
(259, 12, '2025-10-02', '09:30:00', '18:30:00', '2025-10-27 06:12:56', '2025-10-27 06:12:56'),
(260, 12, '2025-10-03', '09:30:00', '18:30:00', '2025-10-27 06:12:56', '2025-10-27 06:12:56'),
(261, 12, '2025-10-04', '09:30:00', '18:30:00', '2025-10-27 06:12:56', '2025-10-27 06:12:56'),
(262, 12, '2025-10-05', '09:30:00', '18:30:00', '2025-10-27 06:12:56', '2025-10-27 06:12:56'),
(263, 12, '2025-10-06', '09:30:00', '18:30:00', '2025-10-27 06:12:56', '2025-10-27 06:12:56'),
(264, 12, '2025-10-07', '09:30:00', '18:30:00', '2025-10-27 06:12:56', '2025-10-27 06:12:56'),
(265, 12, '2025-10-08', '09:30:00', '18:30:00', '2025-10-27 06:12:56', '2025-10-27 06:12:56'),
(266, 12, '2025-10-09', '09:30:00', '18:30:00', '2025-10-27 06:12:56', '2025-10-27 06:12:56'),
(267, 12, '2025-10-10', '09:30:00', '18:30:00', '2025-10-27 06:12:56', '2025-10-27 06:12:56'),
(268, 12, '2025-10-11', '09:30:00', '18:30:00', '2025-10-27 06:12:56', '2025-10-27 06:12:56'),
(269, 12, '2025-10-12', '09:30:00', '18:30:00', '2025-10-27 06:12:56', '2025-10-27 06:12:56'),
(270, 12, '2025-10-13', '09:30:00', '18:30:00', '2025-10-27 06:12:56', '2025-10-27 06:12:56'),
(271, 12, '2025-10-14', '09:30:00', '18:30:00', '2025-10-27 06:12:56', '2025-10-27 06:12:56'),
(272, 12, '2025-10-15', '09:30:00', '18:30:00', '2025-10-27 06:12:56', '2025-10-27 06:12:56'),
(273, 12, '2025-10-16', '09:30:00', '18:30:00', '2025-10-27 06:12:56', '2025-10-27 06:12:56'),
(274, 12, '2025-10-17', '09:30:00', '18:30:00', '2025-10-27 06:12:56', '2025-10-27 06:12:56'),
(275, 12, '2025-10-18', '09:30:00', '18:30:00', '2025-10-27 06:12:56', '2025-10-27 06:12:56'),
(276, 12, '2025-10-19', '09:30:00', '18:30:00', '2025-10-27 06:12:56', '2025-10-27 06:12:56'),
(277, 12, '2025-10-20', '09:30:00', '18:30:00', '2025-10-27 06:12:56', '2025-10-27 06:12:56'),
(278, 12, '2025-10-21', '09:30:00', '18:30:00', '2025-10-27 06:12:56', '2025-10-27 06:12:56'),
(279, 12, '2025-10-22', '09:30:00', '18:30:00', '2025-10-27 06:12:56', '2025-10-27 06:12:56'),
(280, 12, '2025-10-23', '09:30:00', '18:30:00', '2025-10-27 06:12:56', '2025-10-27 06:12:56'),
(281, 12, '2025-10-24', '09:30:00', '18:30:00', '2025-10-27 06:12:56', '2025-10-27 06:12:56'),
(282, 12, '2025-10-25', '09:30:00', '18:30:00', '2025-10-27 06:12:56', '2025-10-27 06:12:56'),
(283, 12, '2025-10-26', '09:30:00', '18:30:00', '2025-10-27 06:12:56', '2025-10-27 06:12:56'),
(284, 12, '2025-10-27', '09:30:00', '18:30:00', '2025-10-27 06:12:56', '2025-10-27 06:12:56'),
(285, 12, '2025-10-28', '09:30:00', '18:30:00', '2025-10-27 06:12:56', '2025-10-27 06:12:56'),
(286, 12, '2025-10-29', '09:30:00', '18:30:00', '2025-10-27 06:12:56', '2025-10-27 06:12:56'),
(287, 12, '2025-10-30', '09:30:00', '18:30:00', '2025-10-27 06:12:56', '2025-10-27 06:12:56'),
(288, 12, '2025-10-31', '09:30:00', '18:30:00', '2025-10-27 06:12:56', '2025-10-27 06:12:56'),
(289, 11, '2025-10-01', '09:30:00', '18:30:00', '2025-10-27 06:19:08', '2025-10-27 06:19:08'),
(290, 11, '2025-10-02', '09:30:00', '18:30:00', '2025-10-27 06:19:08', '2025-10-27 06:19:08'),
(291, 11, '2025-10-03', '09:30:00', '18:30:00', '2025-10-27 06:19:08', '2025-10-27 06:19:08'),
(292, 11, '2025-10-04', '09:30:00', '18:30:00', '2025-10-27 06:19:08', '2025-10-27 06:19:08'),
(293, 11, '2025-10-05', '09:30:00', '18:30:00', '2025-10-27 06:19:08', '2025-10-27 06:19:08'),
(294, 11, '2025-10-06', '09:30:00', '18:30:00', '2025-10-27 06:19:08', '2025-10-27 06:19:08'),
(295, 11, '2025-10-07', '09:30:00', '18:30:00', '2025-10-27 06:19:08', '2025-10-27 06:19:08'),
(296, 11, '2025-10-08', '09:30:00', '18:30:00', '2025-10-27 06:19:08', '2025-10-27 06:19:08'),
(297, 11, '2025-10-09', '09:30:00', '18:30:00', '2025-10-27 06:19:08', '2025-10-27 06:19:08'),
(298, 11, '2025-10-10', '09:30:00', '18:30:00', '2025-10-27 06:19:08', '2025-10-27 06:19:08'),
(299, 11, '2025-10-11', '09:30:00', '18:30:00', '2025-10-27 06:19:08', '2025-10-27 06:19:08'),
(300, 11, '2025-10-12', '09:30:00', '18:30:00', '2025-10-27 06:19:08', '2025-10-27 06:19:08'),
(301, 11, '2025-10-13', '09:30:00', '18:30:00', '2025-10-27 06:19:08', '2025-10-27 06:19:08'),
(302, 11, '2025-10-14', '09:30:00', '18:30:00', '2025-10-27 06:19:08', '2025-10-27 06:19:08'),
(303, 11, '2025-10-15', '09:30:00', '18:30:00', '2025-10-27 06:19:08', '2025-10-27 06:19:08'),
(304, 11, '2025-10-16', '09:30:00', '18:30:00', '2025-10-27 06:19:08', '2025-10-27 06:19:08'),
(305, 11, '2025-10-17', '09:30:00', '18:30:00', '2025-10-27 06:19:08', '2025-10-27 06:19:08'),
(306, 11, '2025-10-18', '09:30:00', '18:30:00', '2025-10-27 06:19:08', '2025-10-27 06:19:08'),
(307, 11, '2025-10-19', '09:30:00', '18:30:00', '2025-10-27 06:19:08', '2025-10-27 06:19:08'),
(308, 11, '2025-10-20', '09:30:00', '18:30:00', '2025-10-27 06:19:08', '2025-10-27 06:19:08'),
(309, 11, '2025-10-21', '09:30:00', '18:30:00', '2025-10-27 06:19:08', '2025-10-27 06:19:08'),
(310, 11, '2025-10-22', '09:30:00', '18:30:00', '2025-10-27 06:19:08', '2025-10-27 06:19:08'),
(311, 11, '2025-10-23', '09:30:00', '18:30:00', '2025-10-27 06:19:08', '2025-10-27 06:19:08'),
(312, 11, '2025-10-24', '09:30:00', '18:30:00', '2025-10-27 06:19:08', '2025-10-27 06:19:08'),
(313, 11, '2025-10-25', '09:30:00', '18:30:00', '2025-10-27 06:19:08', '2025-10-27 06:19:08'),
(314, 11, '2025-10-26', '09:30:00', '18:30:00', '2025-10-27 06:19:08', '2025-10-27 06:19:08'),
(315, 11, '2025-10-27', '09:30:00', '18:30:00', '2025-10-27 06:19:08', '2025-10-27 06:19:08'),
(316, 11, '2025-10-28', '09:30:00', '18:30:00', '2025-10-27 06:19:08', '2025-10-27 06:19:08'),
(317, 11, '2025-10-29', '09:30:00', '18:30:00', '2025-10-27 06:19:08', '2025-10-27 06:19:08'),
(318, 11, '2025-10-30', '09:30:00', '18:30:00', '2025-10-27 06:19:08', '2025-10-27 06:19:08'),
(319, 11, '2025-10-31', '09:30:00', '18:30:00', '2025-10-27 06:19:08', '2025-10-27 06:19:08'),
(320, 10, '2025-10-01', '09:30:00', '18:30:00', '2025-10-27 06:50:51', '2025-10-27 06:50:51'),
(321, 10, '2025-10-02', '09:30:00', '18:30:00', '2025-10-27 06:50:51', '2025-10-27 06:50:51'),
(322, 10, '2025-10-03', '09:30:00', '18:30:00', '2025-10-27 06:50:51', '2025-10-27 06:50:51'),
(323, 10, '2025-10-04', '09:30:00', '18:30:00', '2025-10-27 06:50:51', '2025-10-27 06:50:51'),
(324, 10, '2025-10-05', '09:30:00', '18:30:00', '2025-10-27 06:50:51', '2025-10-27 06:50:51'),
(325, 10, '2025-10-06', '09:30:00', '18:30:00', '2025-10-27 06:50:51', '2025-10-27 06:50:51'),
(326, 10, '2025-10-07', '09:30:00', '18:30:00', '2025-10-27 06:50:51', '2025-10-27 06:50:51'),
(327, 10, '2025-10-08', '09:30:00', '18:30:00', '2025-10-27 06:50:51', '2025-10-27 06:50:51'),
(328, 10, '2025-10-09', '09:30:00', '18:30:00', '2025-10-27 06:50:51', '2025-10-27 06:50:51'),
(329, 10, '2025-10-10', '09:30:00', '18:30:00', '2025-10-27 06:50:51', '2025-10-27 06:50:51'),
(330, 10, '2025-10-11', '09:30:00', '18:30:00', '2025-10-27 06:50:51', '2025-10-27 06:50:51'),
(331, 10, '2025-10-12', '09:30:00', '18:30:00', '2025-10-27 06:50:51', '2025-10-27 06:50:51'),
(332, 10, '2025-10-13', '09:30:00', '18:30:00', '2025-10-27 06:50:51', '2025-10-27 06:50:51'),
(333, 10, '2025-10-14', '09:30:00', '18:30:00', '2025-10-27 06:50:51', '2025-10-27 06:50:51'),
(334, 10, '2025-10-15', '09:30:00', '18:30:00', '2025-10-27 06:50:51', '2025-10-27 06:50:51'),
(335, 10, '2025-10-16', '09:30:00', '18:30:00', '2025-10-27 06:50:51', '2025-10-27 06:50:51'),
(336, 10, '2025-10-17', '09:30:00', '18:30:00', '2025-10-27 06:50:51', '2025-10-27 06:50:51'),
(337, 10, '2025-10-18', '09:30:00', '18:30:00', '2025-10-27 06:50:51', '2025-10-27 06:50:51'),
(338, 10, '2025-10-19', '09:30:00', '18:30:00', '2025-10-27 06:50:51', '2025-10-27 06:50:51'),
(339, 10, '2025-10-20', '09:30:00', '18:30:00', '2025-10-27 06:50:51', '2025-10-27 06:50:51'),
(340, 10, '2025-10-21', '09:30:00', '18:30:00', '2025-10-27 06:50:51', '2025-10-27 06:50:51'),
(341, 10, '2025-10-22', '09:30:00', '18:30:00', '2025-10-27 06:50:51', '2025-10-27 06:50:51'),
(342, 10, '2025-10-23', '09:30:00', '18:30:00', '2025-10-27 06:50:51', '2025-10-27 06:50:51'),
(343, 10, '2025-10-24', '09:30:00', '18:30:00', '2025-10-27 06:50:51', '2025-10-27 06:50:51'),
(344, 10, '2025-10-25', '09:30:00', '18:30:00', '2025-10-27 06:50:51', '2025-10-27 06:50:51'),
(345, 10, '2025-10-26', '09:30:00', '18:30:00', '2025-10-27 06:50:51', '2025-10-27 06:50:51'),
(346, 10, '2025-10-27', '09:30:00', '18:30:00', '2025-10-27 06:50:51', '2025-10-27 06:50:51'),
(347, 10, '2025-10-28', '09:30:00', '18:30:00', '2025-10-27 06:50:51', '2025-10-27 06:50:51'),
(348, 10, '2025-10-29', '09:30:00', '18:30:00', '2025-10-27 06:50:51', '2025-10-27 06:50:51'),
(349, 10, '2025-10-30', '09:30:00', '18:30:00', '2025-10-27 06:50:51', '2025-10-27 06:50:51'),
(350, 10, '2025-10-31', '09:30:00', '18:30:00', '2025-10-27 06:50:51', '2025-10-27 06:50:51'),
(351, 9, '2025-10-01', '09:30:00', '18:30:00', '2025-10-27 06:55:30', '2025-10-27 06:55:30'),
(352, 9, '2025-10-02', '09:30:00', '18:30:00', '2025-10-27 06:55:30', '2025-10-27 06:55:30'),
(353, 9, '2025-10-03', '09:30:00', '18:30:00', '2025-10-27 06:55:30', '2025-10-27 06:55:30'),
(354, 9, '2025-10-04', '09:30:00', '18:30:00', '2025-10-27 06:55:30', '2025-10-27 06:55:30'),
(355, 9, '2025-10-05', '09:30:00', '18:30:00', '2025-10-27 06:55:30', '2025-10-27 06:55:30'),
(356, 9, '2025-10-06', '09:30:00', '18:30:00', '2025-10-27 06:55:30', '2025-10-27 06:55:30'),
(357, 9, '2025-10-07', '09:30:00', '18:30:00', '2025-10-27 06:55:30', '2025-10-27 06:55:30'),
(358, 9, '2025-10-08', '09:30:00', '18:30:00', '2025-10-27 06:55:30', '2025-10-27 06:55:30'),
(359, 9, '2025-10-09', '09:30:00', '18:30:00', '2025-10-27 06:55:30', '2025-10-27 06:55:30'),
(360, 9, '2025-10-10', '09:30:00', '18:30:00', '2025-10-27 06:55:30', '2025-10-27 06:55:30'),
(361, 9, '2025-10-11', '09:30:00', '18:30:00', '2025-10-27 06:55:30', '2025-10-27 06:55:30'),
(362, 9, '2025-10-12', '09:30:00', '18:30:00', '2025-10-27 06:55:30', '2025-10-27 06:55:30'),
(363, 9, '2025-10-13', '09:30:00', '18:30:00', '2025-10-27 06:55:30', '2025-10-27 06:55:30'),
(364, 9, '2025-10-14', '09:30:00', '18:30:00', '2025-10-27 06:55:30', '2025-10-27 06:55:30'),
(365, 9, '2025-10-15', '09:30:00', '18:30:00', '2025-10-27 06:55:30', '2025-10-27 06:55:30'),
(366, 9, '2025-10-16', '09:30:00', '18:30:00', '2025-10-27 06:55:30', '2025-10-27 06:55:30'),
(367, 9, '2025-10-17', '09:30:00', '18:30:00', '2025-10-27 06:55:30', '2025-10-27 06:55:30'),
(368, 9, '2025-10-18', '09:30:00', '18:30:00', '2025-10-27 06:55:30', '2025-10-27 06:55:30'),
(369, 9, '2025-10-19', '09:30:00', '18:30:00', '2025-10-27 06:55:30', '2025-10-27 06:55:30'),
(370, 9, '2025-10-20', '09:30:00', '18:30:00', '2025-10-27 06:55:30', '2025-10-27 06:55:30'),
(371, 9, '2025-10-22', '09:30:00', '18:30:00', '2025-10-27 06:55:30', '2025-10-27 06:55:30'),
(372, 9, '2025-10-23', '09:30:00', '18:30:00', '2025-10-27 06:55:30', '2025-10-27 06:55:30'),
(373, 9, '2025-10-24', '09:30:00', '18:30:00', '2025-10-27 06:55:30', '2025-10-27 06:55:30'),
(374, 9, '2025-10-25', '09:30:00', '18:30:00', '2025-10-27 06:55:30', '2025-10-27 06:55:30'),
(375, 9, '2025-10-26', '09:30:00', '18:30:00', '2025-10-27 06:55:30', '2025-10-27 06:55:30'),
(376, 9, '2025-10-27', '09:30:00', '18:30:00', '2025-10-27 06:55:30', '2025-10-27 06:55:30'),
(377, 9, '2025-10-28', '09:30:00', '18:30:00', '2025-10-27 06:55:30', '2025-10-27 06:55:30'),
(378, 9, '2025-10-29', '09:30:00', '18:30:00', '2025-10-27 06:55:30', '2025-10-27 06:55:30'),
(379, 9, '2025-10-30', '09:30:00', '18:30:00', '2025-10-27 06:55:30', '2025-10-27 06:55:30'),
(380, 9, '2025-10-31', '09:30:00', '18:30:00', '2025-10-27 06:55:30', '2025-10-27 06:55:30'),
(381, 13, '2025-10-13', '09:30:00', '18:30:00', '2025-10-27 09:16:41', '2025-10-27 09:16:41'),
(382, 13, '2025-10-14', '09:30:00', '18:30:00', '2025-10-27 09:16:41', '2025-10-27 09:16:41'),
(383, 13, '2025-10-15', '09:30:00', '18:30:00', '2025-10-27 09:16:41', '2025-10-27 09:16:41'),
(384, 13, '2025-10-16', '09:30:00', '18:30:00', '2025-10-27 09:16:41', '2025-10-27 09:16:41'),
(385, 13, '2025-10-17', '09:30:00', '18:30:00', '2025-10-27 09:16:41', '2025-10-27 09:16:41'),
(386, 13, '2025-10-18', '09:30:00', '18:30:00', '2025-10-27 09:16:41', '2025-10-27 09:16:41'),
(387, 13, '2025-10-19', '09:30:00', '18:30:00', '2025-10-27 09:16:41', '2025-10-27 09:16:41'),
(388, 13, '2025-10-20', '09:30:00', '18:30:00', '2025-10-27 09:16:41', '2025-10-27 09:16:41'),
(389, 13, '2025-10-21', '09:30:00', '18:30:00', '2025-10-27 09:16:41', '2025-10-27 09:16:41'),
(390, 13, '2025-10-22', '09:30:00', '18:30:00', '2025-10-27 09:16:41', '2025-10-27 09:16:41'),
(391, 13, '2025-10-23', '09:30:00', '18:30:00', '2025-10-27 09:16:41', '2025-10-27 09:16:41'),
(392, 13, '2025-10-24', '09:30:00', '18:30:00', '2025-10-27 09:16:41', '2025-10-27 09:16:41'),
(393, 13, '2025-10-25', '09:30:00', '18:30:00', '2025-10-27 09:16:41', '2025-10-27 09:16:41'),
(394, 13, '2025-10-26', '09:30:00', '18:30:00', '2025-10-27 09:16:41', '2025-10-27 09:16:41'),
(395, 13, '2025-10-27', '09:30:00', '18:30:00', '2025-10-27 09:16:41', '2025-10-27 09:16:41'),
(396, 13, '2025-10-28', '09:30:00', '18:30:00', '2025-10-27 09:16:41', '2025-10-27 09:16:41'),
(397, 13, '2025-10-29', '09:30:00', '18:30:00', '2025-10-27 09:16:41', '2025-10-27 09:16:41'),
(398, 13, '2025-10-30', '09:30:00', '18:30:00', '2025-10-27 09:16:41', '2025-10-27 09:16:41');

-- --------------------------------------------------------

--
-- Table structure for table `bills`
--

CREATE TABLE `bills` (
  `id` bigint(20) UNSIGNED NOT NULL,
  `client_id` bigint(20) UNSIGNED NOT NULL,
  `bill_number` varchar(255) NOT NULL,
  `bill_date` date NOT NULL,
  `discount` decimal(10,2) NOT NULL DEFAULT 0.00,
  `gst_percent` decimal(5,2) NOT NULL DEFAULT 0.00,
  `cgst_percent` decimal(5,2) NOT NULL DEFAULT 0.00,
  `sgst_percent` decimal(5,2) NOT NULL DEFAULT 0.00,
  `total_tax_percent` decimal(5,2) NOT NULL DEFAULT 0.00,
  `total_amount` decimal(10,2) NOT NULL,
  `due_date` date DEFAULT NULL,
  `status` varchar(255) NOT NULL DEFAULT 'Pending',
  `bill_notes` text DEFAULT NULL,
  `created_at` timestamp NULL DEFAULT NULL,
  `updated_at` timestamp NULL DEFAULT NULL
) ENGINE=InnoDB DEFAULT CHARSET=utf8mb4 COLLATE=utf8mb4_unicode_ci;

--
-- Dumping data for table `bills`
--

INSERT INTO `bills` (`id`, `client_id`, `bill_number`, `bill_date`, `discount`, `gst_percent`, `cgst_percent`, `sgst_percent`, `total_tax_percent`, `total_amount`, `due_date`, `status`, `bill_notes`, `created_at`, `updated_at`) VALUES
(12, 10, 'BILL-10-250912-4670', '2024-04-08', 0.00, 0.00, 0.00, 0.00, 0.00, 180000.00, '2024-04-10', 'Pending', NULL, '2025-09-12 11:09:03', '2025-09-12 11:09:03'),
(13, 11, 'BILL-11-250912-2624', '2024-06-10', 0.00, 0.00, 0.00, 0.00, 0.00, 1825.00, '2024-06-11', 'Pending', NULL, '2025-09-12 11:21:32', '2025-09-12 11:21:32'),
(14, 12, 'BILL-12-250912-5647', '2024-06-11', 0.00, 0.00, 0.00, 0.00, 0.00, 500.00, '2024-06-12', 'Pending', '• All costs are estimates and subject to change based on project requirements.\r\n• A 50% advance is required to commence work; the remaining balance is due upon project completion.\r\n• The quotation is valid for [Insert Number] days from the date above.\r\n• Any additional services not listed above will be billed separately.', '2025-09-12 11:34:40', '2025-09-13 11:13:18');

-- --------------------------------------------------------

--
-- Table structure for table `bill_items`
--

CREATE TABLE `bill_items` (
  `id` bigint(20) UNSIGNED NOT NULL,
  `bill_id` bigint(20) UNSIGNED NOT NULL,
  `description` varchar(255) NOT NULL,
  `quantity` int(11) NOT NULL,
  `rate` decimal(10,2) NOT NULL,
  `amount` decimal(10,2) NOT NULL,
  `created_at` timestamp NULL DEFAULT NULL,
  `updated_at` timestamp NULL DEFAULT NULL
) ENGINE=InnoDB DEFAULT CHARSET=utf8mb4 COLLATE=utf8mb4_unicode_ci;

--
-- Dumping data for table `bill_items`
--

INSERT INTO `bill_items` (`id`, `bill_id`, `description`, `quantity`, `rate`, `amount`, `created_at`, `updated_at`) VALUES
(1, 12, 'website design & devlopment, social media management', 1, 180000.00, 180000.00, '2025-09-12 11:09:03', '2025-09-12 11:09:03'),
(2, 13, 'Social media management', 1, 1825.00, 1825.00, '2025-09-12 11:21:32', '2025-09-12 11:21:32'),
(5, 14, 'Graphic design', 1, 500.00, 500.00, '2025-09-13 11:13:18', '2025-09-13 11:13:18');

-- --------------------------------------------------------

--
-- Table structure for table `candidates`
--

CREATE TABLE `candidates` (
  `id` bigint(20) UNSIGNED NOT NULL,
  `candidate_id` varchar(255) DEFAULT NULL,
  `name` varchar(255) NOT NULL,
  `email` varchar(255) DEFAULT NULL,
  `phone` varchar(255) NOT NULL,
  `gst_number` varchar(255) DEFAULT NULL,
  `bank_account_number` varchar(255) DEFAULT NULL,
  `ifsc_code` varchar(255) DEFAULT NULL,
  `address` text DEFAULT NULL,
  `created_at` timestamp NULL DEFAULT NULL,
  `updated_at` timestamp NULL DEFAULT NULL
) ENGINE=InnoDB DEFAULT CHARSET=utf8mb4 COLLATE=utf8mb4_unicode_ci;

--
-- Dumping data for table `candidates`
--

INSERT INTO `candidates` (`id`, `candidate_id`, `name`, `email`, `phone`, `gst_number`, `bank_account_number`, `ifsc_code`, `address`, `created_at`, `updated_at`) VALUES
(6, 'CDT-DMWBOT', 'Rutuja  Shelake', 'rutulovesmarketing@gmail.com', '8855049723', NULL, '5665868957789', 'MAHB0001146', 'Ichalkarnji', '2025-09-22 05:10:21', '2025-09-22 05:10:21'),
(7, 'CDT-AJVFCO', 'Soumya Kulakarni', 'msony676@gmail.com', '9620772949', NULL, NULL, NULL, 'Near Teachers Society, Hangel Road, Haveri 581110 Karnataka India', '2025-09-27 10:15:14', '2025-09-27 10:15:14'),
(8, 'CDT-PNYXGP', 'Jiya Ajijahamad Shaikh', 'jiyashaikh692004@gmail.com', '8788898042', NULL, '3066 3734 9290', NULL, 'Saneguruji Vasahat Rajopadhya nagar Kolhapur', '2025-10-08 04:30:21', '2025-10-08 04:30:21'),
(9, 'CDT-M3JAKN', 'Naveen Yavgal', NULL, '7483 204 858', NULL, NULL, NULL, 'Pune', '2025-10-10 09:13:24', '2025-10-10 09:13:24'),
(10, 'CDT-XNEMW6', 'Renuka Reddy', 'renuka15reddy@gmail.com', '+1214-876-8730', NULL, NULL, NULL, '649 cowboys pkwy unit 2066 Texas 65063', '2025-10-18 07:01:16', '2025-10-18 07:01:16'),
(11, 'CDT-CAH9IR', 'Muskan Rafik Sayyad', 'sayyadrmuskan2002@gmail.com', '9822843808', NULL, NULL, NULL, 'pune', '2025-10-27 09:56:58', '2025-10-27 09:56:58'),
(12, 'CDT-H116WK', 'Safiya Rafik Sayyad', 'sofiyasayyad1999@gmail.com', '8007786360', NULL, NULL, NULL, 'Pune', '2025-10-27 09:57:55', '2025-10-27 09:57:55'),
(13, 'CDT-WSVQTX', 'Suprita', 'suprita1208@gmail.com', '9035958369', NULL, NULL, NULL, 'Pune, MH', '2025-11-05 12:40:43', '2025-11-05 12:40:43');

-- --------------------------------------------------------

--
-- Table structure for table `candidate_invoices`
--

CREATE TABLE `candidate_invoices` (
  `id` bigint(20) UNSIGNED NOT NULL,
  `candidate_id` bigint(20) UNSIGNED NOT NULL,
  `invoice_no` varchar(255) NOT NULL,
  `invoice_date` date NOT NULL,
  `due_date` date DEFAULT NULL,
  `discount` decimal(10,2) NOT NULL DEFAULT 0.00,
  `convenience_fees` decimal(10,2) NOT NULL DEFAULT 0.00,
  `gst_percent` decimal(5,2) NOT NULL DEFAULT 0.00,
  `cgst_percent` decimal(5,2) NOT NULL DEFAULT 0.00,
  `sgst_percent` decimal(5,2) NOT NULL DEFAULT 0.00,
  `total_tax_percent` decimal(5,2) NOT NULL DEFAULT 0.00,
  `total_amount` decimal(12,2) NOT NULL DEFAULT 0.00,
  `status` enum('pending','paid','cancelled') NOT NULL DEFAULT 'pending',
  `created_at` timestamp NULL DEFAULT NULL,
  `updated_at` timestamp NULL DEFAULT NULL
) ENGINE=InnoDB DEFAULT CHARSET=utf8mb4 COLLATE=utf8mb4_unicode_ci;

--
-- Dumping data for table `candidate_invoices`
--

INSERT INTO `candidate_invoices` (`id`, `candidate_id`, `invoice_no`, `invoice_date`, `due_date`, `discount`, `convenience_fees`, `gst_percent`, `cgst_percent`, `sgst_percent`, `total_tax_percent`, `total_amount`, `status`, `created_at`, `updated_at`) VALUES
(20, 7, 'AT-2025-0019', '2025-09-27', '2025-09-30', 33.30, 1.00, 0.00, 0.00, 0.00, 0.00, 40620.00, 'pending', '2025-09-27 10:35:54', '2025-09-27 10:35:54'),
(21, 8, 'AT-2025-0021', '2025-10-08', '2025-10-08', 42.60, 1.00, 0.00, 0.00, 0.00, 0.00, 35040.00, 'pending', '2025-10-08 05:29:27', '2025-10-08 05:29:28'),
(22, 8, 'AT-2025-0022', '2025-10-08', '2025-10-08', 0.00, 1.00, 0.00, 0.00, 0.00, 0.00, 10100.00, 'pending', '2025-10-08 05:33:45', '2025-10-08 05:33:45'),
(23, 9, 'AT-2025-0023', '2025-10-10', '2025-10-11', 4.70, 1.00, 0.00, 0.00, 0.00, 0.00, 43335.00, 'pending', '2025-10-10 09:21:21', '2025-10-10 09:21:21'),
(24, 10, 'AT-2025-0024', '2025-10-18', '2025-10-20', 11.10, 1.00, 0.00, 0.00, 0.00, 0.00, 40455.00, 'pending', '2025-10-18 07:12:45', '2025-10-18 07:12:45'),
(25, 11, 'AT-2025-0025', '2025-10-27', '2025-10-28', 0.00, 1.00, 0.00, 0.00, 0.00, 0.00, 15150.00, 'pending', '2025-10-27 10:01:33', '2025-10-27 10:01:33'),
(26, 12, 'AT-2025-0026', '2025-10-27', '2025-10-28', 0.00, 1.00, 0.00, 0.00, 0.00, 0.00, 15150.00, 'pending', '2025-10-27 10:04:03', '2025-10-27 10:04:03'),
(27, 11, 'AT-2025-0027', '2025-10-30', '2025-10-31', 13.90, 1.00, 0.00, 0.00, 0.00, 0.00, 13065.00, 'pending', '2025-10-30 12:53:04', '2025-10-30 12:53:04'),
(28, 12, 'AT-2025-0028', '2025-10-30', '2025-10-31', 13.90, 1.00, 0.00, 0.00, 0.00, 0.00, 13065.00, 'pending', '2025-10-30 12:54:32', '2025-10-30 12:54:32'),
(29, 13, 'AT-2025-0029', '2025-11-05', '2025-11-06', 0.00, 1.00, 0.00, 0.00, 0.00, 0.00, 10100.00, 'pending', '2025-11-05 12:45:33', '2025-11-05 12:45:33'),
(30, 9, 'AT-2025-0030', '2025-11-06', '2025-11-07', 0.00, 1.00, 0.00, 0.00, 0.00, 0.00, 5050.00, 'paid', '2025-11-06 05:38:11', '2025-11-06 05:38:11');

-- --------------------------------------------------------

--
-- Table structure for table `clients`
--

CREATE TABLE `clients` (
  `id` bigint(20) UNSIGNED NOT NULL,
  `CLTuniq_id` varchar(255) DEFAULT NULL,
  `name` varchar(255) NOT NULL,
  `email` varchar(255) DEFAULT NULL,
  `phone` varchar(255) DEFAULT NULL,
  `address` text DEFAULT NULL,
  `gstin` varchar(255) DEFAULT NULL,
  `bank_account` varchar(255) DEFAULT NULL,
  `ifsc_code` varchar(255) DEFAULT NULL,
  `project_requirement` varchar(255) DEFAULT NULL,
  `created_at` timestamp NULL DEFAULT NULL,
  `updated_at` timestamp NULL DEFAULT NULL
) ENGINE=InnoDB DEFAULT CHARSET=utf8mb4 COLLATE=utf8mb4_unicode_ci;

--
-- Dumping data for table `clients`
--

INSERT INTO `clients` (`id`, `CLTuniq_id`, `name`, `email`, `phone`, `address`, `gstin`, `bank_account`, `ifsc_code`, `project_requirement`, `created_at`, `updated_at`) VALUES
(9, 'CLT-GZLA5U', 'Ranapratap Mote', 'ranamote@gmail.com', '9404621503', 'ALKA SHETI FARM KAGAL 416216', '29AAACC1206D2ZB', '32506350617', 'MAHB0001146', 'uploads/project_requirement/1749804446_download.pdf', '2025-06-13 08:46:38', '2025-06-13 08:47:26'),
(10, 'CLT-KRVVXM', 'vithal ghuge', NULL, '8329784614', 'Ap - Bead', NULL, NULL, NULL, NULL, '2025-09-12 10:54:14', '2025-09-12 10:54:14'),
(11, 'CLT-G7APR7', 'Auranity Perfume', NULL, '9823247911', NULL, NULL, NULL, NULL, NULL, '2025-09-12 11:15:41', '2025-09-12 11:15:41'),
(12, 'CLT-U13VPT', 'Chandrkant Mallikar', NULL, NULL, 'Ap - Hupari', NULL, NULL, NULL, NULL, '2025-09-12 11:27:33', '2025-09-12 11:27:33');

-- --------------------------------------------------------

--
-- Table structure for table `comments`
--

CREATE TABLE `comments` (
  `id` bigint(20) UNSIGNED NOT NULL,
  `task_id` bigint(20) UNSIGNED NOT NULL,
  `user_id` bigint(20) UNSIGNED NOT NULL,
  `message` text NOT NULL,
  `created_at` timestamp NULL DEFAULT NULL,
  `updated_at` timestamp NULL DEFAULT NULL
) ENGINE=InnoDB DEFAULT CHARSET=utf8mb4 COLLATE=utf8mb4_unicode_ci;

-- --------------------------------------------------------

--
-- Table structure for table `departments`
--

CREATE TABLE `departments` (
  `id` bigint(20) UNSIGNED NOT NULL,
  `name` varchar(255) NOT NULL,
  `created_at` timestamp NULL DEFAULT NULL,
  `updated_at` timestamp NULL DEFAULT NULL
) ENGINE=InnoDB DEFAULT CHARSET=utf8mb4 COLLATE=utf8mb4_unicode_ci;

--
-- Dumping data for table `departments`
--

INSERT INTO `departments` (`id`, `name`, `created_at`, `updated_at`) VALUES
(1, 'Development', NULL, NULL),
(2, 'Human resources', NULL, NULL),
(3, 'Management ', NULL, NULL),
(4, 'Team lead', NULL, NULL),
(5, 'Sales', NULL, NULL),
(6, 'Account', NULL, NULL);

-- --------------------------------------------------------

--
-- Table structure for table `designations`
--

CREATE TABLE `designations` (
  `id` bigint(20) UNSIGNED NOT NULL,
  `department_id` bigint(20) UNSIGNED NOT NULL,
  `name` varchar(255) NOT NULL,
  `created_at` timestamp NULL DEFAULT NULL,
  `updated_at` timestamp NULL DEFAULT NULL
) ENGINE=InnoDB DEFAULT CHARSET=utf8mb4 COLLATE=utf8mb4_unicode_ci;

--
-- Dumping data for table `designations`
--

INSERT INTO `designations` (`id`, `department_id`, `name`, `created_at`, `updated_at`) VALUES
(1, 2, 'HR Intern / Trainee', '2025-06-04 10:24:36', '2025-06-04 10:24:36'),
(2, 2, 'HR Assistant', '2025-06-04 10:24:37', '2025-06-04 10:24:37'),
(3, 2, 'Recruitment Executive', '2025-06-04 10:24:37', '2025-06-04 10:24:37'),
(4, 2, 'HR Executive', '2025-06-04 10:24:37', '2025-06-04 10:24:37'),
(5, 1, 'Intern / Trainee Developer', '2025-06-04 10:24:37', '2025-06-04 10:24:37'),
(6, 1, 'Junior Developer', '2025-06-04 10:24:37', '2025-06-04 10:24:37'),
(7, 1, 'Software Developer', '2025-06-04 10:24:37', '2025-06-04 10:24:37'),
(8, 1, 'Web Developer', '2025-06-04 10:24:37', '2025-06-04 10:24:37'),
(9, 1, 'Front-End Developer', '2025-06-04 10:24:37', '2025-06-04 10:24:37'),
(10, 1, 'Back-End Developer', '2025-06-04 10:24:37', '2025-06-04 10:24:37'),
(11, 5, 'Sales Executive / Sales Representative', '2025-06-04 10:24:37', '2025-06-04 10:24:37'),
(12, 5, 'Business Development Executive (BDE)', '2025-06-04 10:24:37', '2025-06-04 10:24:37'),
(13, 5, 'Inside Sales Executive', '2025-06-04 10:24:37', '2025-06-04 10:24:37'),
(14, 5, 'Sales Coordinator', '2025-06-04 10:24:37', '2025-06-04 10:24:37'),
(15, 5, 'Key Account Executive', '2025-06-04 10:24:37', '2025-06-04 10:24:37'),
(16, 5, 'Area Sales Manager (ASM)', '2025-06-04 10:24:37', '2025-06-04 10:24:37'),
(17, 5, 'Business Development Manager (BDM)', '2025-06-04 10:24:37', '2025-06-04 10:24:37'),
(18, 6, 'Accountant', '2025-06-04 10:24:37', '2025-06-04 10:24:37'),
(19, 3, 'Managing Director', NULL, NULL),
(20, 3, 'Project Manager', NULL, NULL),
(21, 3, 'Business Manager\r\n', NULL, NULL),
(22, 3, 'Assistant Manager', NULL, NULL),
(23, 4, 'Team Lead\r\n', NULL, NULL),
(24, 4, 'Senior Team Lead', NULL, NULL),
(25, 4, 'QA Team Lead\r\n', NULL, NULL),
(26, 4, 'Assistant Team Leader', NULL, NULL);

-- --------------------------------------------------------

--
-- Table structure for table `employee_leaves`
--

CREATE TABLE `employee_leaves` (
  `id` bigint(20) UNSIGNED NOT NULL,
  `user_id` bigint(20) UNSIGNED NOT NULL,
  `department` varchar(255) NOT NULL,
  `leave_type` varchar(255) DEFAULT NULL,
  `reason` text DEFAULT NULL,
  `date` date NOT NULL,
  `from_date` date NOT NULL,
  `to_date` date NOT NULL,
  `leave_duration` varchar(255) DEFAULT NULL,
  `approved_by` varchar(255) DEFAULT NULL,
  `status` varchar(255) NOT NULL DEFAULT 'Pending',
  `is_paid_leave` varchar(255) DEFAULT NULL,
  `document` varchar(255) DEFAULT NULL,
  `created_at` timestamp NULL DEFAULT NULL,
  `updated_at` timestamp NULL DEFAULT NULL
) ENGINE=InnoDB DEFAULT CHARSET=utf8mb4 COLLATE=utf8mb4_unicode_ci;

--
-- Dumping data for table `employee_leaves`
--

INSERT INTO `employee_leaves` (`id`, `user_id`, `department`, `leave_type`, `reason`, `date`, `from_date`, `to_date`, `leave_duration`, `approved_by`, `status`, `is_paid_leave`, `document`, `created_at`, `updated_at`) VALUES
(3, 9, '1', 'Personal Reason', NULL, '2025-04-23', '2025-04-23', '2025-04-23', NULL, 'HR', 'Approved', 'Unpaid', NULL, '2025-09-05 06:08:19', '2025-09-05 07:19:31'),
(4, 7, '2', 'Personal Reason', NULL, '2025-09-02', '2025-09-06', '2025-09-06', 'Half Day', NULL, 'Pending', NULL, NULL, '2025-09-05 10:42:29', '2025-09-05 10:42:29'),
(5, 9, '1', 'Medical Appointment', 'Medical reason', '2025-08-18', '2025-08-20', '2025-08-20', 'Half Day', 'HR', 'Approved', 'Unpaid', NULL, '2025-09-05 11:53:04', '2025-09-05 11:57:12');

-- --------------------------------------------------------

--
-- Table structure for table `employee_letters`
--

CREATE TABLE `employee_letters` (
  `id` bigint(20) UNSIGNED NOT NULL,
  `employee_id` bigint(20) UNSIGNED NOT NULL,
  `letter_type` varchar(255) NOT NULL,
  `file_path` varchar(255) NOT NULL,
  `description` text DEFAULT NULL,
  `uploaded_by` bigint(20) UNSIGNED NOT NULL,
  `created_at` timestamp NULL DEFAULT NULL,
  `updated_at` timestamp NULL DEFAULT NULL
) ENGINE=InnoDB DEFAULT CHARSET=utf8mb4 COLLATE=utf8mb4_unicode_ci;

-- --------------------------------------------------------

--
-- Table structure for table `failed_jobs`
--

CREATE TABLE `failed_jobs` (
  `id` bigint(20) UNSIGNED NOT NULL,
  `uuid` varchar(255) NOT NULL,
  `connection` text NOT NULL,
  `queue` text NOT NULL,
  `payload` longtext NOT NULL,
  `exception` longtext NOT NULL,
  `failed_at` timestamp NOT NULL DEFAULT current_timestamp()
) ENGINE=InnoDB DEFAULT CHARSET=utf8mb4 COLLATE=utf8mb4_unicode_ci;

-- --------------------------------------------------------

--
-- Table structure for table `invoices`
--

CREATE TABLE `invoices` (
  `id` bigint(20) UNSIGNED NOT NULL,
  `quotation_id` bigint(20) UNSIGNED DEFAULT NULL,
  `bill_id` bigint(20) UNSIGNED DEFAULT NULL,
  `client_id` bigint(20) UNSIGNED NOT NULL,
  `bill_number` varchar(255) DEFAULT NULL,
  `invoice_number` varchar(255) NOT NULL,
  `invoice_date` date NOT NULL,
  `total_amount` decimal(10,2) NOT NULL,
  `tax_percent` decimal(5,2) NOT NULL DEFAULT 0.00,
  `discount` decimal(10,2) NOT NULL DEFAULT 0.00,
  `status` varchar(255) NOT NULL DEFAULT 'Unpaid',
  `file_path` varchar(255) DEFAULT NULL,
  `created_at` timestamp NULL DEFAULT NULL,
  `updated_at` timestamp NULL DEFAULT NULL
) ENGINE=InnoDB DEFAULT CHARSET=utf8mb4 COLLATE=utf8mb4_unicode_ci;

--
-- Dumping data for table `invoices`
--

INSERT INTO `invoices` (`id`, `quotation_id`, `bill_id`, `client_id`, `bill_number`, `invoice_number`, `invoice_date`, `total_amount`, `tax_percent`, `discount`, `status`, `file_path`, `created_at`, `updated_at`) VALUES
(7, NULL, NULL, 9, 'BILL-9-250613-3865', 'INV-GAWGFW', '2025-06-13', 9438.82, 0.00, 0.00, 'Paid', NULL, '2025-06-13 08:58:09', '2025-06-13 08:58:09'),
(8, NULL, 12, 10, 'BILL-10-250912-4670', 'INV-GB7EZK', '2024-11-04', 180000.00, 0.00, 0.00, 'Paid', NULL, '2025-09-12 11:11:07', '2025-09-12 11:11:07'),
(9, NULL, 13, 11, 'BILL-11-250912-2624', 'INV-CRNFI6', '2024-06-12', 1825.00, 0.00, 0.00, 'Paid', NULL, '2025-09-12 11:23:00', '2025-09-12 11:23:00'),
(10, NULL, 14, 12, 'BILL-12-250912-5647', 'INV-CAZWS4', '2024-06-12', 500.00, 0.00, 0.00, 'Paid', NULL, '2025-09-12 11:35:14', '2025-09-12 11:35:14');

-- --------------------------------------------------------

--
-- Table structure for table `invoice_items`
--

CREATE TABLE `invoice_items` (
  `id` bigint(20) UNSIGNED NOT NULL,
  `invoice_id` bigint(20) UNSIGNED NOT NULL,
  `description` varchar(255) NOT NULL,
  `qty` int(11) NOT NULL DEFAULT 1,
  `rate` decimal(10,2) NOT NULL DEFAULT 0.00,
  `amount` decimal(12,2) NOT NULL DEFAULT 0.00,
  `created_at` timestamp NULL DEFAULT NULL,
  `updated_at` timestamp NULL DEFAULT NULL
) ENGINE=InnoDB DEFAULT CHARSET=utf8mb4 COLLATE=utf8mb4_unicode_ci;

--
-- Dumping data for table `invoice_items`
--

INSERT INTO `invoice_items` (`id`, `invoice_id`, `description`, `qty`, `rate`, `amount`, `created_at`, `updated_at`) VALUES
(54, 20, 'Data science with ML and Gen AI', 1, 60000.00, 60000.00, '2025-09-27 10:35:54', '2025-09-27 10:35:54'),
(55, 21, 'Data science with ai ml and gen ai', 1, 60000.00, 60000.00, '2025-10-08 05:29:28', '2025-10-08 05:29:28'),
(56, 22, 'Data science with ML and Gen AI (First installment)', 1, 10000.00, 10000.00, '2025-10-08 05:33:45', '2025-10-08 05:33:45'),
(57, 23, 'Data science AI ML & gen AI', 1, 45000.00, 45000.00, '2025-10-10 09:21:21', '2025-10-10 09:21:21'),
(58, 24, 'data science with ML and Gen Ai', 1, 45000.00, 45000.00, '2025-10-18 07:12:45', '2025-10-18 07:12:45'),
(59, 25, 'Placement assistance and mock interviews prepration program', 1, 15000.00, 15000.00, '2025-10-27 10:01:33', '2025-10-27 10:01:33'),
(60, 26, 'Placement assistance and mock interviews prepration program', 1, 15000.00, 15000.00, '2025-10-27 10:04:03', '2025-10-27 10:04:03'),
(61, 27, 'Placement assistance and mock interviews prepration program', 1, 15000.00, 15000.00, '2025-10-30 12:53:04', '2025-10-30 12:53:04'),
(62, 28, 'Placement assistance and mock interviews prepration program', 1, 15000.00, 15000.00, '2025-10-30 12:54:32', '2025-10-30 12:54:32'),
(63, 29, 'Data science with ML and Gen AI', 1, 10000.00, 10000.00, '2025-11-05 12:45:33', '2025-11-05 12:45:33'),
(64, 30, 'Data science with ML and Gen AI', 1, 5000.00, 5000.00, '2025-11-06 05:38:11', '2025-11-06 05:38:11');

-- --------------------------------------------------------

--
-- Table structure for table `invoice_payments`
--

CREATE TABLE `invoice_payments` (
  `id` bigint(20) UNSIGNED NOT NULL,
  `invoice_id` bigint(20) UNSIGNED NOT NULL,
  `amount` decimal(10,2) NOT NULL,
  `payment_date` date NOT NULL,
  `payment_method` varchar(255) DEFAULT NULL,
  `created_at` timestamp NULL DEFAULT NULL,
  `updated_at` timestamp NULL DEFAULT NULL
) ENGINE=InnoDB DEFAULT CHARSET=utf8mb4 COLLATE=utf8mb4_unicode_ci;

-- --------------------------------------------------------

--
-- Table structure for table `migrations`
--

CREATE TABLE `migrations` (
  `id` int(10) UNSIGNED NOT NULL,
  `migration` varchar(255) NOT NULL,
  `batch` int(11) NOT NULL
) ENGINE=InnoDB DEFAULT CHARSET=utf8mb4 COLLATE=utf8mb4_unicode_ci;

--
-- Dumping data for table `migrations`
--

INSERT INTO `migrations` (`id`, `migration`, `batch`) VALUES
(1, '2014_10_12_000000_create_users_table', 1),
(2, '2014_10_12_100000_create_password_reset_tokens_table', 1),
(3, '2019_08_19_000000_create_failed_jobs_table', 1),
(4, '2019_12_14_000001_create_personal_access_tokens_table', 1),
(5, '2025_04_26_084831_add_role_to_users_table', 1),
(6, '2025_04_26_124529_create_departments_table', 1),
(7, '2025_04_26_164801_add_department_id_to_users_table', 1),
(8, '2025_04_28_061245_create_attendances_table', 1),
(9, '2025_04_28_193442_add_employee_fields_to_users_table', 1),
(10, '2025_04_29_152647_create_employee_leaves_table', 1),
(11, '2025_04_30_154205_create_salary_slips_table', 1),
(12, '2025_05_05_155307_create_tasks_table', 1),
(13, '2025_05_05_174804_add_created_by_field_to_tasks_table', 1),
(14, '2025_05_06_160811_create_comments_table', 1),
(15, '2025_05_07_145741_add_deleted_at_to_users_table', 1),
(16, '2025_05_08_105939_add_submission_fields_to_tasks_table', 1),
(17, '2025_05_09_113506_create_notifications_table', 1),
(18, '2025_05_09_180729_alter_assigned_to_column_in_tasks_table', 2),
(19, '2025_05_17_180558_update_comments_task_id_foreign_key', 2),
(20, '2025_05_29_115730_add_empuniq_id_to_users_table', 2),
(21, '2025_05_29_123357_add_date_to_employee_leaves_table', 3),
(22, '2025_05_29_124008_add_date_field_to_employee_leaves_table', 4),
(23, '2025_05_31_211449_add_salary_components_to_salary_slips_table', 5),
(24, '2025_06_02_175404_add_fields_salary_components_to_salary_slips_table', 6),
(25, '2025_06_04_153705_create_designations_table', 7),
(26, '2025_06_05_105014_create_clients_table', 8),
(27, '2025_06_05_105244_create_quotations_table', 8),
(28, '2025_06_05_105839_create_quotation_items_table', 8),
(29, '2025_06_05_105953_create_bills_table', 8),
(30, '2025_06_05_110044_create_bill_items_table', 8),
(31, '2025_06_05_110206_create_invoices_table', 8),
(32, '2025_06_05_110252_create_invoice_payments_table', 8),
(33, '2025_06_05_144119_add_new_fieldsin_clients_table', 9),
(34, '2025_06_05_173045_add_newone_fields_in_clients_table', 10),
(35, '2025_06_06_172707_add_newone_fields_in_quotation_items_table', 11),
(36, '2025_06_10_115719_add_totals_to_quotations_table', 12),
(37, '2025_06_12_094728_add__c_l_iuniq_id_to_client_table', 13),
(38, '2025_06_12_110835_update_tax_columns_in_bills_table', 14),
(39, '2025_06_12_130221_update_tax_columns_in_invoices_table', 15),
(40, '2025_06_12_152612_add_bill_id_to_invoices_table', 16),
(41, '2025_08_01_122628_create_employee_letters_table', 17),
(42, '2025_09_05_122801_add_is_paid_leave_field_in_employee_leaves_table', 18),
(43, '2025_09_05_160901_add_is_leave_duration_field_in_employee_leaves_table', 19),
(44, '2025_09_05_162808_add_total_half_days_field_in_salary_slips_table', 20),
(45, '2025_09_13_161832_add_bill_notes_field_in_bills_table', 21),
(46, '2025_09_13_163246_alter_bill_notes_in_bills_table', 22),
(47, '2025_09_16_153909_create_candidates_table', 23),
(50, '2025_09_16_180525_add_candidate_id_field_in_candidates_table', 24),
(52, '2025_09_16_184237_create_candidate_invoices_table', 25),
(54, '2025_09_16_184752_create_invoice_items_table', 26),
(56, '2025_09_22_123809_add_convenience_fee_field_in_candidate_invoices_table', 27);

-- --------------------------------------------------------

--
-- Table structure for table `notifications`
--

CREATE TABLE `notifications` (
  `id` bigint(20) UNSIGNED NOT NULL,
  `title` varchar(255) NOT NULL,
  `date` date NOT NULL,
  `description` text DEFAULT NULL,
  `attachment` varchar(255) DEFAULT NULL,
  `created_by` bigint(20) UNSIGNED NOT NULL,
  `created_at` timestamp NULL DEFAULT NULL,
  `updated_at` timestamp NULL DEFAULT NULL
) ENGINE=InnoDB DEFAULT CHARSET=utf8mb4 COLLATE=utf8mb4_unicode_ci;

-- --------------------------------------------------------

--
-- Table structure for table `password_reset_tokens`
--

CREATE TABLE `password_reset_tokens` (
  `email` varchar(255) NOT NULL,
  `token` varchar(255) NOT NULL,
  `created_at` timestamp NULL DEFAULT NULL
) ENGINE=InnoDB DEFAULT CHARSET=utf8mb4 COLLATE=utf8mb4_unicode_ci;

-- --------------------------------------------------------

--
-- Table structure for table `personal_access_tokens`
--

CREATE TABLE `personal_access_tokens` (
  `id` bigint(20) UNSIGNED NOT NULL,
  `tokenable_type` varchar(255) NOT NULL,
  `tokenable_id` bigint(20) UNSIGNED NOT NULL,
  `name` varchar(255) NOT NULL,
  `token` varchar(64) NOT NULL,
  `abilities` text DEFAULT NULL,
  `last_used_at` timestamp NULL DEFAULT NULL,
  `expires_at` timestamp NULL DEFAULT NULL,
  `created_at` timestamp NULL DEFAULT NULL,
  `updated_at` timestamp NULL DEFAULT NULL
) ENGINE=InnoDB DEFAULT CHARSET=utf8mb4 COLLATE=utf8mb4_unicode_ci;

-- --------------------------------------------------------

--
-- Table structure for table `quotations`
--

CREATE TABLE `quotations` (
  `id` bigint(20) UNSIGNED NOT NULL,
  `client_id` bigint(20) UNSIGNED NOT NULL,
  `quotation_number` varchar(255) NOT NULL,
  `quotation_date` date NOT NULL,
  `notes` longtext DEFAULT NULL,
  `status` varchar(255) NOT NULL DEFAULT 'Draft',
  `subtotal` decimal(10,2) DEFAULT NULL,
  `gst` decimal(10,2) DEFAULT NULL,
  `grand_total` decimal(10,2) DEFAULT NULL,
  `file_path` varchar(255) DEFAULT NULL,
  `created_at` timestamp NULL DEFAULT NULL,
  `updated_at` timestamp NULL DEFAULT NULL
) ENGINE=InnoDB DEFAULT CHARSET=utf8mb4 COLLATE=utf8mb4_unicode_ci;

--
-- Dumping data for table `quotations`
--

INSERT INTO `quotations` (`id`, `client_id`, `quotation_number`, `quotation_date`, `notes`, `status`, `subtotal`, `gst`, `grand_total`, `file_path`, `created_at`, `updated_at`) VALUES
(15, 9, 'QT-9-250613-8398', '2025-06-13', '50 % advanced fee then work will be start\r\nadvanced  not refendable', 'Draft', 7999.00, 1439.82, 9438.82, NULL, '2025-06-13 08:52:19', '2025-06-13 08:52:19'),
(16, 10, 'QT-10-250912-4346', '2024-10-04', '•	All costs are estimates and subject to change based on project requirements.\r\n•	A 50% advance is required to commence work; the remaining balance is due upon project completion.\r\n•	The quotation is valid for [Insert Number] days from the date above.\r\n•	Any additional services not listed above will be billed separately.', 'Sent', 180000.00, 32400.00, 212400.00, NULL, '2025-09-12 11:04:55', '2025-09-13 07:46:34'),
(17, 11, 'QT-11-250912-8762', '2024-06-12', '•	All costs are estimates and subject to change based on project requirements.\r\n•	A 50% advance is required to commence work; the remaining balance is due upon project completion.\r\n•	The quotation is valid for [Insert Number] days from the date above.\r\n•	Any additional services not listed above will be billed separately.', 'Sent', 18025.00, 3244.50, 21269.50, NULL, '2025-09-12 11:19:12', '2025-09-13 07:46:15'),
(18, 12, 'QT-12-250912-7567', '2025-09-08', '•	All costs are estimates and subject to change based on project requirements.\r\n•	A 50% advance is required to commence work; the remaining balance is due upon project completion.\r\n•	The quotation is valid for [Insert Number] days from the date above.\r\n•	Any additional services not listed above will be billed separately.', 'Sent', 500.00, 90.00, 590.00, NULL, '2025-09-12 11:30:29', '2025-09-13 07:29:53');

-- --------------------------------------------------------

--
-- Table structure for table `quotation_items`
--

CREATE TABLE `quotation_items` (
  `id` bigint(20) UNSIGNED NOT NULL,
  `quotation_id` bigint(20) UNSIGNED NOT NULL,
  `service_name` varchar(255) DEFAULT NULL,
  `description` varchar(255) NOT NULL,
  `quantity` int(11) NOT NULL,
  `rate` decimal(10,2) NOT NULL,
  `amount` decimal(10,2) NOT NULL,
  `created_at` timestamp NULL DEFAULT NULL,
  `updated_at` timestamp NULL DEFAULT NULL
) ENGINE=InnoDB DEFAULT CHARSET=utf8mb4 COLLATE=utf8mb4_unicode_ci;

--
-- Dumping data for table `quotation_items`
--

INSERT INTO `quotation_items` (`id`, `quotation_id`, `service_name`, `description`, `quantity`, `rate`, `amount`, `created_at`, `updated_at`) VALUES
(61, 15, 'website design', 'hospital website 5 pages with contact form and chat boat', 1, 5000.00, 5000.00, '2025-06-13 08:52:19', '2025-06-13 08:52:19'),
(62, 15, 'hosting', 'histinger server hosting', 1, 2000.00, 2000.00, '2025-06-13 08:52:19', '2025-06-13 08:52:19'),
(63, 15, 'domain', 'domain .in', 1, 999.00, 999.00, '2025-06-13 08:52:19', '2025-06-13 08:52:19'),
(69, 18, 'Graphic design', 'Logo', 1, 500.00, 500.00, '2025-09-13 07:29:53', '2025-09-13 07:29:53'),
(70, 17, 'Social media managment', 'instagram', 1, 18025.00, 18025.00, '2025-09-13 07:46:15', '2025-09-13 07:46:15'),
(71, 16, 'website design', 'website design & devlopment', 1, 90000.00, 90000.00, '2025-09-13 07:46:34', '2025-09-13 07:46:34'),
(72, 16, 'Social media management', '3 months , instragram facebook', 1, 90000.00, 90000.00, '2025-09-13 07:46:34', '2025-09-13 07:46:34');

-- --------------------------------------------------------

--
-- Table structure for table `salary_slips`
--

CREATE TABLE `salary_slips` (
  `id` bigint(20) UNSIGNED NOT NULL,
  `employee_id` bigint(20) UNSIGNED NOT NULL,
  `month` varchar(255) NOT NULL,
  `year` varchar(255) DEFAULT NULL,
  `file_path` varchar(255) DEFAULT NULL,
  `is_viewed` tinyint(1) NOT NULL DEFAULT 0,
  `total_present_days` int(11) DEFAULT NULL,
  `total_leave_days` int(11) DEFAULT NULL,
  `total_absent_days` int(11) DEFAULT NULL,
  `total_half_days` varchar(255) DEFAULT NULL,
  `basic_salary` decimal(10,2) DEFAULT NULL,
  `hra` decimal(10,2) DEFAULT NULL,
  `conveyance` decimal(10,2) DEFAULT NULL,
  `medical` decimal(10,2) DEFAULT NULL,
  `special_allowance` decimal(10,2) DEFAULT NULL,
  `professionalTax` decimal(10,2) DEFAULT NULL,
  `absentDeduction` decimal(10,2) DEFAULT NULL,
  `gross_salary` decimal(10,2) DEFAULT NULL,
  `deductions` decimal(10,2) DEFAULT NULL,
  `net_salary` decimal(10,2) DEFAULT NULL,
  `status` varchar(255) NOT NULL DEFAULT 'generated',
  `created_at` timestamp NULL DEFAULT NULL,
  `updated_at` timestamp NULL DEFAULT NULL
) ENGINE=InnoDB DEFAULT CHARSET=utf8mb4 COLLATE=utf8mb4_unicode_ci;

--
-- Dumping data for table `salary_slips`
--

INSERT INTO `salary_slips` (`id`, `employee_id`, `month`, `year`, `file_path`, `is_viewed`, `total_present_days`, `total_leave_days`, `total_absent_days`, `total_half_days`, `basic_salary`, `hra`, `conveyance`, `medical`, `special_allowance`, `professionalTax`, `absentDeduction`, `gross_salary`, `deductions`, `net_salary`, `status`, `created_at`, `updated_at`) VALUES
(10, 9, '2025-04', NULL, NULL, 0, 29, 1, 1, '0', 8800.00, 3520.00, 1600.00, 1250.00, 6830.00, 200.00, 726.67, 22000.00, 926.67, 21073.33, 'generated', '2025-09-04 10:42:25', '2025-09-05 11:16:03'),
(12, 9, '2025-05', NULL, NULL, 0, 31, 0, 0, '0', 8800.00, 3520.00, 1600.00, 1250.00, 6830.00, 200.00, 0.00, 22000.00, 200.00, 21800.00, 'generated', '2025-09-04 10:55:14', '2025-09-05 11:49:46'),
(13, 9, '2025-06', NULL, NULL, 0, 30, 0, 0, '0', 8800.00, 3520.00, 1600.00, 1250.00, 6830.00, 200.00, 0.00, 22000.00, 200.00, 21800.00, 'generated', '2025-09-04 11:14:25', '2025-09-05 11:49:58'),
(14, 9, '2025-08', NULL, NULL, 0, 31, 0, 0, '1', 8800.00, 3520.00, 1600.00, 1250.00, 6830.00, 200.00, 351.61, 22000.00, 551.61, 21448.39, 'generated', '2025-09-05 05:47:32', '2025-09-05 12:28:24'),
(16, 10, '2025-08', NULL, NULL, 0, 15, 15, 15, '0', 10000.00, 4000.00, 1600.00, 1250.00, 8150.00, 200.00, 12500.00, 25000.00, 12700.00, 12300.00, 'generated', '2025-09-08 09:16:29', '2025-09-08 13:53:10'),
(17, 9, '2025-09', NULL, NULL, 0, 30, 0, 0, '0', 8800.00, 3520.00, 1600.00, 1250.00, 6830.00, 200.00, 0.00, 22000.00, 200.00, 21800.00, 'generated', '2025-09-27 09:04:00', '2025-09-27 09:30:39'),
(18, 10, '2025-09', NULL, NULL, 0, 29, 1, 1, '0', 10000.00, 4000.00, 1600.00, 1250.00, 8150.00, 200.00, 833.33, 25000.00, 1033.33, 23966.67, 'generated', '2025-09-27 09:39:00', '2025-09-27 09:39:00'),
(19, 12, '2025-09', NULL, NULL, 0, 29, 1, 1, '0', 16666.66, 6666.67, 1600.00, 1250.00, 15483.33, 200.00, 1388.89, 41666.66, 1588.89, 40077.77, 'generated', '2025-09-27 09:48:03', '2025-09-27 09:52:34'),
(20, 11, '2025-09', NULL, NULL, 0, 22, 8, 8, '0', 16000.00, 6400.00, 1600.00, 1250.00, 14750.00, 200.00, 10666.67, 40000.00, 10866.67, 29133.33, 'generated', '2025-09-27 10:01:12', '2025-09-27 10:01:12'),
(21, 12, '2025-10', NULL, NULL, 0, 31, 0, 0, '0', 16666.66, 6666.67, 1600.00, 1250.00, 15483.33, 200.00, 0.00, 41666.66, 200.00, 41466.66, 'generated', '2025-10-27 06:41:12', '2025-10-27 06:41:12'),
(22, 11, '2025-10', NULL, NULL, 0, 31, 0, 0, '0', 16000.00, 6400.00, 1600.00, 1250.00, 14750.00, 200.00, 0.00, 40000.00, 200.00, 39800.00, 'generated', '2025-10-27 06:43:09', '2025-10-27 06:43:09'),
(23, 10, '2025-10', NULL, NULL, 0, 31, 0, 0, '0', 10000.00, 4000.00, 1600.00, 1250.00, 8150.00, 200.00, 0.00, 25000.00, 200.00, 24800.00, 'generated', '2025-10-27 06:56:38', '2025-10-27 06:56:38'),
(24, 9, '2025-10', NULL, NULL, 0, 30, 1, 1, '0', 8800.00, 3520.00, 1600.00, 1250.00, 6830.00, 200.00, 733.33, 22000.00, 933.33, 21066.67, 'generated', '2025-10-27 06:57:31', '2025-10-27 08:15:15'),
(25, 13, '2025-10', NULL, NULL, 0, 18, 12, 12, '0', 10000.00, 4000.00, 1600.00, 1250.00, 8150.00, 200.00, 10000.00, 25000.00, 10200.00, 14800.00, 'generated', '2025-10-27 09:19:20', '2025-10-27 09:19:20');

-- --------------------------------------------------------

--
-- Table structure for table `tasks`
--

CREATE TABLE `tasks` (
  `id` bigint(20) UNSIGNED NOT NULL,
  `title` varchar(255) NOT NULL,
  `description` text DEFAULT NULL,
  `assigned_by` bigint(20) UNSIGNED NOT NULL,
  `assigned_to` text NOT NULL,
  `priority` enum('Low','Medium','High') NOT NULL DEFAULT 'Medium',
  `status` enum('Not Started','In Progress','Completed','Blocked') NOT NULL DEFAULT 'Not Started',
  `role` enum('Owner','Reviewer','Collaborator') NOT NULL DEFAULT 'Owner',
  `start_date` date DEFAULT NULL,
  `due_date` date DEFAULT NULL,
  `file_path` varchar(255) DEFAULT NULL,
  `progress` text DEFAULT NULL,
  `submission_file` varchar(255) DEFAULT NULL,
  `submitted_by` bigint(20) UNSIGNED DEFAULT NULL,
  `submitted_at` timestamp NULL DEFAULT NULL,
  `created_by` bigint(20) UNSIGNED NOT NULL,
  `created_at` timestamp NULL DEFAULT NULL,
  `updated_at` timestamp NULL DEFAULT NULL,
  `deleted_at` timestamp NULL DEFAULT NULL
) ENGINE=InnoDB DEFAULT CHARSET=utf8mb4 COLLATE=utf8mb4_unicode_ci;

-- --------------------------------------------------------

--
-- Table structure for table `users`
--

CREATE TABLE `users` (
  `id` bigint(20) UNSIGNED NOT NULL,
  `name` varchar(255) NOT NULL,
  `email` varchar(255) NOT NULL,
  `email_verified_at` timestamp NULL DEFAULT NULL,
  `password` varchar(255) NOT NULL,
  `remember_token` varchar(100) DEFAULT NULL,
  `created_at` timestamp NULL DEFAULT NULL,
  `updated_at` timestamp NULL DEFAULT NULL,
  `role` varchar(255) NOT NULL DEFAULT 'employee',
  `department_id` bigint(20) UNSIGNED DEFAULT NULL,
  `mobile_no` varchar(255) DEFAULT NULL,
  `experience` int(11) DEFAULT NULL,
  `photo` varchar(255) DEFAULT NULL,
  `city` varchar(255) DEFAULT NULL,
  `location` varchar(255) DEFAULT NULL,
  `address` text DEFAULT NULL,
  `aadhar_card` varchar(255) DEFAULT NULL,
  `pan_card` varchar(255) DEFAULT NULL,
  `bank_account` varchar(255) DEFAULT NULL,
  `ifsc_code` varchar(255) DEFAULT NULL,
  `department` varchar(255) DEFAULT NULL,
  `designation_id` varchar(255) DEFAULT NULL,
  `deleted_at` timestamp NULL DEFAULT NULL,
  `empuniq_id` varchar(255) DEFAULT NULL
) ENGINE=InnoDB DEFAULT CHARSET=utf8mb4 COLLATE=utf8mb4_unicode_ci;

--
-- Dumping data for table `users`
--

INSERT INTO `users` (`id`, `name`, `email`, `email_verified_at`, `password`, `remember_token`, `created_at`, `updated_at`, `role`, `department_id`, `mobile_no`, `experience`, `photo`, `city`, `location`, `address`, `aadhar_card`, `pan_card`, `bank_account`, `ifsc_code`, `department`, `designation_id`, `deleted_at`, `empuniq_id`) VALUES
(7, 'Ranapratap Rajkumar Mote', 'moteranapratap@gmail.com', NULL, '$2y$12$XDvp33/.caFfYWQtgpYSquW3boDxhWy7khz333KgiznHgeubDelLu', NULL, '2025-09-04 09:01:02', '2025-09-04 09:01:02', 'employer', NULL, NULL, NULL, NULL, NULL, NULL, NULL, NULL, NULL, NULL, NULL, NULL, NULL, NULL, 'EMP0003'),
(9, 'Suraj Narayan Khot', 'surajkhot2244@gmail.com', NULL, '$2y$12$.3NGVJGBgZlsAZXVEfmqdeT8fVIGJz2ccdOypo/Ojd5iSAHcYJvku', NULL, '2025-09-04 09:14:30', '2025-09-27 07:50:31', 'employee', 1, '9766883199', 3, '1756977269_surajkhot-ezgif.com-optijpeg.jpg', 'Rakshi', 'Gargoti', 'Ap-Hanbarwadi(Gargoti) Tel-bhudargad Dist-kolhapur', '522535637546', 'IBAPK2155M', '092818210002742', 'BKID0000928', 'Development', 'Web Developer', NULL, 'EMP0008'),
(10, 'Rutuja Sampat Shelake', 'rutulovesmarketing@gmail.com', NULL, '$2y$12$FB5aKXjeWTb7PZFopH7mWOYbnQ88MDMemQtKI1fXbKVvhLP5Fzzr6', NULL, '2025-09-08 07:32:00', '2025-09-27 07:52:54', 'employee', 5, '8855049723', 3, NULL, 'Ichalkarnaji', 'Ichalkarnaji', 'near nutan bank 5 148 , laykar gali \r\npincode- 416115', '368666597897', 'IGRTT2343R', 'JK654675645465757', 'CNRB0015231', 'Sales', 'Business Development Executive (BDE)', NULL, 'EMP0010'),
(11, 'Zaid Kausar Nandaniwala', 'zaid.n9912@gmail.com', NULL, '$2y$12$eacmXCsKXUi5qSvYfPxiqOA6469Xy2Q0e/uSjhT697ix2jh.dHgdS', NULL, '2025-09-27 06:54:40', '2025-09-27 09:49:34', 'employee', NULL, '8600469912', 1, NULL, 'kolhapur', 'Kolhapur', '1683 C-Ward, Gangi gali , somvar peth, \r\n416002', '268037294169', 'CJZPN9431J', '04340100024063', 'BARB0SHIKOL', 'Management', 'Oprational coordinator', NULL, 'EMP0011'),
(12, 'Shubhangi Nandkishor Bhoyar', 'shubhangiibhoyar@gmail.com', NULL, '$2y$12$7dDctOzCSiSFYtHyV9BLzOxAb5DX9XB1PxJdkOdsgVoymzXqK5iSK', NULL, '2025-09-27 07:01:47', '2025-09-27 07:37:44', 'employee', NULL, '7741978505', 2, NULL, 'Nagpur', 'Nagpur', 'Nandkishor Bhoyar, plot no 107, IT Park near, Lokhande Nagar,Ranapratap Nagar, Nagpur 440022', '515273626035', 'HDFPB3463R', '6322000100047320', 'PUNB0632200', 'sales', 'sr. business development executive', NULL, 'EMP0012'),
(13, 'Rutuja Avinash Desai', 'rutujadesai816@gmail.com', NULL, '$2y$12$6duMVoHCo.9vqNslOqRQR.GZcPZ7t3lTxQWA333FVgIfIoCE1DoXO', NULL, '2025-10-27 09:05:50', '2025-10-27 09:05:50', 'employee', NULL, '9595946624', 2, NULL, 'Nashik', 'Nashik', 'Makhamalabad Road , Nashik', '652620565100', 'FRKPD3716E', '35095257821', 'SBIN0006333', 'Human Resource', 'Technical Recruiter – IT Staffing', NULL, 'EMP0013');

--
-- Indexes for dumped tables
--

--
-- Indexes for table `attendances`
--
ALTER TABLE `attendances`
  ADD PRIMARY KEY (`id`);

--
-- Indexes for table `bills`
--
ALTER TABLE `bills`
  ADD PRIMARY KEY (`id`),
  ADD UNIQUE KEY `bills_bill_number_unique` (`bill_number`),
  ADD KEY `bills_client_id_foreign` (`client_id`);

--
-- Indexes for table `bill_items`
--
ALTER TABLE `bill_items`
  ADD PRIMARY KEY (`id`),
  ADD KEY `bill_items_bill_id_foreign` (`bill_id`);

--
-- Indexes for table `candidates`
--
ALTER TABLE `candidates`
  ADD PRIMARY KEY (`id`),
  ADD UNIQUE KEY `candidates_email_unique` (`email`),
  ADD UNIQUE KEY `candidates_phone_unique` (`phone`);

--
-- Indexes for table `candidate_invoices`
--
ALTER TABLE `candidate_invoices`
  ADD PRIMARY KEY (`id`),
  ADD UNIQUE KEY `candidate_invoices_invoice_no_unique` (`invoice_no`),
  ADD KEY `candidate_invoices_candidate_id_foreign` (`candidate_id`);

--
-- Indexes for table `clients`
--
ALTER TABLE `clients`
  ADD PRIMARY KEY (`id`);

--
-- Indexes for table `comments`
--
ALTER TABLE `comments`
  ADD PRIMARY KEY (`id`),
  ADD KEY `comments_user_id_foreign` (`user_id`),
  ADD KEY `comments_task_id_foreign` (`task_id`);

--
-- Indexes for table `departments`
--
ALTER TABLE `departments`
  ADD PRIMARY KEY (`id`);

--
-- Indexes for table `designations`
--
ALTER TABLE `designations`
  ADD PRIMARY KEY (`id`),
  ADD KEY `designations_department_id_foreign` (`department_id`);

--
-- Indexes for table `employee_leaves`
--
ALTER TABLE `employee_leaves`
  ADD PRIMARY KEY (`id`),
  ADD KEY `employee_leaves_user_id_foreign` (`user_id`);

--
-- Indexes for table `employee_letters`
--
ALTER TABLE `employee_letters`
  ADD PRIMARY KEY (`id`),
  ADD KEY `employee_letters_employee_id_foreign` (`employee_id`),
  ADD KEY `employee_letters_uploaded_by_foreign` (`uploaded_by`);

--
-- Indexes for table `failed_jobs`
--
ALTER TABLE `failed_jobs`
  ADD PRIMARY KEY (`id`),
  ADD UNIQUE KEY `failed_jobs_uuid_unique` (`uuid`);

--
-- Indexes for table `invoices`
--
ALTER TABLE `invoices`
  ADD PRIMARY KEY (`id`),
  ADD UNIQUE KEY `invoices_invoice_number_unique` (`invoice_number`),
  ADD KEY `invoices_quotation_id_foreign` (`quotation_id`),
  ADD KEY `invoices_client_id_foreign` (`client_id`),
  ADD KEY `invoices_bill_id_foreign` (`bill_id`);

--
-- Indexes for table `invoice_items`
--
ALTER TABLE `invoice_items`
  ADD PRIMARY KEY (`id`),
  ADD KEY `invoice_items_invoice_id_foreign` (`invoice_id`);

--
-- Indexes for table `invoice_payments`
--
ALTER TABLE `invoice_payments`
  ADD PRIMARY KEY (`id`),
  ADD KEY `invoice_payments_invoice_id_foreign` (`invoice_id`);

--
-- Indexes for table `migrations`
--
ALTER TABLE `migrations`
  ADD PRIMARY KEY (`id`);

--
-- Indexes for table `notifications`
--
ALTER TABLE `notifications`
  ADD PRIMARY KEY (`id`),
  ADD KEY `notifications_created_by_foreign` (`created_by`);

--
-- Indexes for table `password_reset_tokens`
--
ALTER TABLE `password_reset_tokens`
  ADD PRIMARY KEY (`email`);

--
-- Indexes for table `personal_access_tokens`
--
ALTER TABLE `personal_access_tokens`
  ADD PRIMARY KEY (`id`),
  ADD UNIQUE KEY `personal_access_tokens_token_unique` (`token`),
  ADD KEY `personal_access_tokens_tokenable_type_tokenable_id_index` (`tokenable_type`,`tokenable_id`);

--
-- Indexes for table `quotations`
--
ALTER TABLE `quotations`
  ADD PRIMARY KEY (`id`),
  ADD UNIQUE KEY `quotations_quotation_number_unique` (`quotation_number`),
  ADD KEY `quotations_client_id_foreign` (`client_id`);

--
-- Indexes for table `quotation_items`
--
ALTER TABLE `quotation_items`
  ADD PRIMARY KEY (`id`),
  ADD KEY `quotation_items_quotation_id_foreign` (`quotation_id`);

--
-- Indexes for table `salary_slips`
--
ALTER TABLE `salary_slips`
  ADD PRIMARY KEY (`id`),
  ADD KEY `salary_slips_employee_id_foreign` (`employee_id`);

--
-- Indexes for table `tasks`
--
ALTER TABLE `tasks`
  ADD PRIMARY KEY (`id`),
  ADD KEY `tasks_assigned_by_foreign` (`assigned_by`),
  ADD KEY `tasks_assigned_to_foreign` (`assigned_to`(768)),
  ADD KEY `tasks_submitted_by_foreign` (`submitted_by`);

--
-- Indexes for table `users`
--
ALTER TABLE `users`
  ADD PRIMARY KEY (`id`),
  ADD UNIQUE KEY `users_email_unique` (`email`);

--
-- AUTO_INCREMENT for dumped tables
--

--
-- AUTO_INCREMENT for table `attendances`
--
ALTER TABLE `attendances`
  MODIFY `id` bigint(20) UNSIGNED NOT NULL AUTO_INCREMENT, AUTO_INCREMENT=399;

--
-- AUTO_INCREMENT for table `bills`
--
ALTER TABLE `bills`
  MODIFY `id` bigint(20) UNSIGNED NOT NULL AUTO_INCREMENT, AUTO_INCREMENT=15;

--
-- AUTO_INCREMENT for table `bill_items`
--
ALTER TABLE `bill_items`
  MODIFY `id` bigint(20) UNSIGNED NOT NULL AUTO_INCREMENT, AUTO_INCREMENT=6;

--
-- AUTO_INCREMENT for table `candidates`
--
ALTER TABLE `candidates`
  MODIFY `id` bigint(20) UNSIGNED NOT NULL AUTO_INCREMENT, AUTO_INCREMENT=14;

--
-- AUTO_INCREMENT for table `candidate_invoices`
--
ALTER TABLE `candidate_invoices`
  MODIFY `id` bigint(20) UNSIGNED NOT NULL AUTO_INCREMENT, AUTO_INCREMENT=31;

--
-- AUTO_INCREMENT for table `clients`
--
ALTER TABLE `clients`
  MODIFY `id` bigint(20) UNSIGNED NOT NULL AUTO_INCREMENT, AUTO_INCREMENT=13;

--
-- AUTO_INCREMENT for table `comments`
--
ALTER TABLE `comments`
  MODIFY `id` bigint(20) UNSIGNED NOT NULL AUTO_INCREMENT;

--
-- AUTO_INCREMENT for table `departments`
--
ALTER TABLE `departments`
  MODIFY `id` bigint(20) UNSIGNED NOT NULL AUTO_INCREMENT, AUTO_INCREMENT=7;

--
-- AUTO_INCREMENT for table `designations`
--
ALTER TABLE `designations`
  MODIFY `id` bigint(20) UNSIGNED NOT NULL AUTO_INCREMENT, AUTO_INCREMENT=27;

--
-- AUTO_INCREMENT for table `employee_leaves`
--
ALTER TABLE `employee_leaves`
  MODIFY `id` bigint(20) UNSIGNED NOT NULL AUTO_INCREMENT, AUTO_INCREMENT=6;

--
-- AUTO_INCREMENT for table `employee_letters`
--
ALTER TABLE `employee_letters`
  MODIFY `id` bigint(20) UNSIGNED NOT NULL AUTO_INCREMENT, AUTO_INCREMENT=3;

--
-- AUTO_INCREMENT for table `failed_jobs`
--
ALTER TABLE `failed_jobs`
  MODIFY `id` bigint(20) UNSIGNED NOT NULL AUTO_INCREMENT;

--
-- AUTO_INCREMENT for table `invoices`
--
ALTER TABLE `invoices`
  MODIFY `id` bigint(20) UNSIGNED NOT NULL AUTO_INCREMENT, AUTO_INCREMENT=11;

--
-- AUTO_INCREMENT for table `invoice_items`
--
ALTER TABLE `invoice_items`
  MODIFY `id` bigint(20) UNSIGNED NOT NULL AUTO_INCREMENT, AUTO_INCREMENT=65;

--
-- AUTO_INCREMENT for table `invoice_payments`
--
ALTER TABLE `invoice_payments`
  MODIFY `id` bigint(20) UNSIGNED NOT NULL AUTO_INCREMENT;

--
-- AUTO_INCREMENT for table `migrations`
--
ALTER TABLE `migrations`
  MODIFY `id` int(10) UNSIGNED NOT NULL AUTO_INCREMENT, AUTO_INCREMENT=57;

--
-- AUTO_INCREMENT for table `notifications`
--
ALTER TABLE `notifications`
  MODIFY `id` bigint(20) UNSIGNED NOT NULL AUTO_INCREMENT;

--
-- AUTO_INCREMENT for table `personal_access_tokens`
--
ALTER TABLE `personal_access_tokens`
  MODIFY `id` bigint(20) UNSIGNED NOT NULL AUTO_INCREMENT;

--
-- AUTO_INCREMENT for table `quotations`
--
ALTER TABLE `quotations`
  MODIFY `id` bigint(20) UNSIGNED NOT NULL AUTO_INCREMENT, AUTO_INCREMENT=19;

--
-- AUTO_INCREMENT for table `quotation_items`
--
ALTER TABLE `quotation_items`
  MODIFY `id` bigint(20) UNSIGNED NOT NULL AUTO_INCREMENT, AUTO_INCREMENT=73;

--
-- AUTO_INCREMENT for table `salary_slips`
--
ALTER TABLE `salary_slips`
  MODIFY `id` bigint(20) UNSIGNED NOT NULL AUTO_INCREMENT, AUTO_INCREMENT=26;

--
-- AUTO_INCREMENT for table `tasks`
--
ALTER TABLE `tasks`
  MODIFY `id` bigint(20) UNSIGNED NOT NULL AUTO_INCREMENT, AUTO_INCREMENT=2;

--
-- AUTO_INCREMENT for table `users`
--
ALTER TABLE `users`
  MODIFY `id` bigint(20) UNSIGNED NOT NULL AUTO_INCREMENT, AUTO_INCREMENT=14;

--
-- Constraints for dumped tables
--

--
-- Constraints for table `bills`
--
ALTER TABLE `bills`
  ADD CONSTRAINT `bills_client_id_foreign` FOREIGN KEY (`client_id`) REFERENCES `clients` (`id`) ON DELETE CASCADE;

--
-- Constraints for table `bill_items`
--
ALTER TABLE `bill_items`
  ADD CONSTRAINT `bill_items_bill_id_foreign` FOREIGN KEY (`bill_id`) REFERENCES `bills` (`id`) ON DELETE CASCADE;

--
-- Constraints for table `candidate_invoices`
--
ALTER TABLE `candidate_invoices`
  ADD CONSTRAINT `candidate_invoices_candidate_id_foreign` FOREIGN KEY (`candidate_id`) REFERENCES `candidates` (`id`) ON DELETE CASCADE;

--
-- Constraints for table `comments`
--
ALTER TABLE `comments`
  ADD CONSTRAINT `comments_task_id_foreign` FOREIGN KEY (`task_id`) REFERENCES `tasks` (`id`) ON DELETE CASCADE,
  ADD CONSTRAINT `comments_user_id_foreign` FOREIGN KEY (`user_id`) REFERENCES `users` (`id`) ON DELETE CASCADE;

--
-- Constraints for table `designations`
--
ALTER TABLE `designations`
  ADD CONSTRAINT `designations_department_id_foreign` FOREIGN KEY (`department_id`) REFERENCES `departments` (`id`) ON DELETE CASCADE;

--
-- Constraints for table `employee_leaves`
--
ALTER TABLE `employee_leaves`
  ADD CONSTRAINT `employee_leaves_user_id_foreign` FOREIGN KEY (`user_id`) REFERENCES `users` (`id`) ON DELETE CASCADE;

--
-- Constraints for table `employee_letters`
--
ALTER TABLE `employee_letters`
  ADD CONSTRAINT `employee_letters_employee_id_foreign` FOREIGN KEY (`employee_id`) REFERENCES `users` (`id`) ON DELETE CASCADE,
  ADD CONSTRAINT `employee_letters_uploaded_by_foreign` FOREIGN KEY (`uploaded_by`) REFERENCES `users` (`id`) ON DELETE CASCADE;

--
-- Constraints for table `invoices`
--
ALTER TABLE `invoices`
  ADD CONSTRAINT `invoices_bill_id_foreign` FOREIGN KEY (`bill_id`) REFERENCES `bills` (`id`) ON DELETE SET NULL,
  ADD CONSTRAINT `invoices_client_id_foreign` FOREIGN KEY (`client_id`) REFERENCES `clients` (`id`) ON DELETE CASCADE,
  ADD CONSTRAINT `invoices_quotation_id_foreign` FOREIGN KEY (`quotation_id`) REFERENCES `quotations` (`id`) ON DELETE SET NULL;

--
-- Constraints for table `invoice_items`
--
ALTER TABLE `invoice_items`
  ADD CONSTRAINT `invoice_items_invoice_id_foreign` FOREIGN KEY (`invoice_id`) REFERENCES `candidate_invoices` (`id`) ON DELETE CASCADE;

--
-- Constraints for table `invoice_payments`
--
ALTER TABLE `invoice_payments`
  ADD CONSTRAINT `invoice_payments_invoice_id_foreign` FOREIGN KEY (`invoice_id`) REFERENCES `invoices` (`id`) ON DELETE CASCADE;

--
-- Constraints for table `notifications`
--
ALTER TABLE `notifications`
  ADD CONSTRAINT `notifications_created_by_foreign` FOREIGN KEY (`created_by`) REFERENCES `users` (`id`) ON DELETE CASCADE;

--
-- Constraints for table `quotations`
--
ALTER TABLE `quotations`
  ADD CONSTRAINT `quotations_client_id_foreign` FOREIGN KEY (`client_id`) REFERENCES `clients` (`id`) ON DELETE CASCADE;

--
-- Constraints for table `quotation_items`
--
ALTER TABLE `quotation_items`
  ADD CONSTRAINT `quotation_items_quotation_id_foreign` FOREIGN KEY (`quotation_id`) REFERENCES `quotations` (`id`) ON DELETE CASCADE;

--
-- Constraints for table `salary_slips`
--
ALTER TABLE `salary_slips`
  ADD CONSTRAINT `salary_slips_employee_id_foreign` FOREIGN KEY (`employee_id`) REFERENCES `users` (`id`) ON DELETE CASCADE;

--
-- Constraints for table `tasks`
--
ALTER TABLE `tasks`
  ADD CONSTRAINT `tasks_assigned_by_foreign` FOREIGN KEY (`assigned_by`) REFERENCES `users` (`id`) ON DELETE CASCADE,
  ADD CONSTRAINT `tasks_submitted_by_foreign` FOREIGN KEY (`submitted_by`) REFERENCES `users` (`id`) ON DELETE SET NULL;

--
-- Constraints for table `users`
--
ALTER TABLE `users`
  ADD CONSTRAINT `users_department_id_foreign` FOREIGN KEY (`department_id`) REFERENCES `departments` (`id`) ON DELETE SET NULL;
COMMIT;

/*!40101 SET CHARACTER_SET_CLIENT=@OLD_CHARACTER_SET_CLIENT */;
/*!40101 SET CHARACTER_SET_RESULTS=@OLD_CHARACTER_SET_RESULTS */;
/*!40101 SET COLLATION_CONNECTION=@OLD_COLLATION_CONNECTION */;
